{"type":"FeatureCollection","features":[{"type":"Feature","geometry":{"type":"Polygon","coordinates":[[[82.49597636196397,23.78591055790528],[82.50053740657142,23.76082390513626],[82.51390558654296,23.75630447005583],[82.53806233826298,23.76149337281876],[82.54916063216687,23.75309520071512],[82.55356777659472,23.73709373531335],[82.5662177002647,23.73370492442174],[82.56640099653109,23.72501159622502],[82.57552669560579,23.72000971926693],[82.58710384535514,23.69887183394199],[82.59589679861426,23.69248184373862],[82.60329960440315,23.66177757830208],[82.59219792569864,23.64508011065483],[82.58074757786422,23.63971173655967],[82.57443936650861,23.62646859177519],[82.57956445688575,23.6137348559013],[82.57634186487316,23.58512054919149],[82.58316954854054,23.57707652482388],[82.5784444859635,23.57044831730526],[82.58529006194155,23.55328555289412],[82.58024501821764,23.54668625259132],[82.58983827745598,23.53288770332631],[82.60344779571669,23.5255715615528],[82.61401745930353,23.5129555074157],[82.62142733019024,23.51386715218291],[82.64191183631372,23.50055708058856],[82.64328041726694,23.48432849880471],[82.6505503933825,23.47752961069386],[82.64765064831967,23.47407957103192],[82.65498965019567,23.44402217162357],[82.65566963921623,23.42007294878662],[82.65136101713158,23.4072986783764],[82.6289122986069,23.40713252794672],[82.60972913270994,23.38951413708226],[82.60697225061315,23.37408737452795],[82.593043920201,23.36650375493432],[82.56078920270004,23.36379622632086],[82.54655444592198,23.3687028444033],[82.53193979691848,23.36300611663798],[82.51370713167834,23.36483644763284],[82.49272595940849,23.34757783550433],[82.47274355947107,23.34293549966076],[82.46346092962916,23.3353740155658],[82.43890321974689,23.34251149483718],[82.43618471595587,23.33292428353829],[82.43035992673154,23.32988365068748],[82.40424053672412,23.32971319858701],[82.40683408430726,23.31649712143976],[82.39370582942152,23.30095118097298],[82.40075701902938,23.29221960152038],[82.3992537647833,23.27948629543058],[82.38614744039582,23.27017825009423],[82.36923028684429,23.27115696530406],[82.36712776486848,23.26251324852407],[82.36962406322736,23.21206269524094],[82.43513729243051,23.20926358113963],[82.4345835144276,23.17248795052647],[82.41158829864936,23.14839885723572],[82.43414702720277,23.11706126921868],[82.4594538443715,23.10285979990512],[82.43818855456472,23.09555361634093],[82.43484945957725,23.09973899298133],[82.40548393521922,23.09716099761896],[82.41392718401411,23.07568144144882],[82.41096912445342,23.06509567657981],[82.41689357759827,23.06075647856208],[82.41593321469426,23.04826622976486],[82.40510915845843,23.04352103541983],[82.42201301754392,23.00044215995802],[82.40880293796035,22.98966811921403],[82.39945294796712,22.99693945576762],[82.3837097082787,23.00029928543705],[82.36170756189681,22.99854367770316],[82.33405072445198,22.98378901697236],[82.32662701664856,22.96701696537332],[82.3068421043888,22.9688005893198],[82.2834608611391,22.95981986580981],[82.25914916256609,22.93818572350541],[82.2223169278604,22.94085184554628],[82.21573984346112,22.94493568934917],[82.19913049573653,22.95138752365903],[82.17708749657176,22.97011327510191],[82.17360814387446,22.98854664481862],[82.18066931811207,22.99572056449287],[82.18493565019942,23.01464446471659],[82.18026139848257,23.03506156354149],[82.1751237588214,23.04497750869226],[82.16624562747964,23.04643994560011],[82.15883695895707,23.05467506010151],[82.14800909964772,23.07809242667621],[82.12239933552613,23.10392257389534],[82.13797613394512,23.11202389623425],[82.14001483517795,23.13206555047561],[82.16144243539719,23.14350847708789],[82.16083912448664,23.16185841851851],[82.14441932320705,23.16569378822405],[82.14963946423369,23.17690419699634],[82.14467994036855,23.17948260483354],[82.14369856534188,23.18705025528815],[82.14819793824768,23.18900729714463],[82.14401867725668,23.19501724232551],[82.14929958128958,23.19744543290589],[82.15374130915353,23.2123742687805],[82.14855103399287,23.22008886228528],[82.14519725968326,23.22676794898565],[82.15305655492779,23.23044586333175],[82.15980424782686,23.24640587366566],[82.16683237562297,23.24569167027235],[82.17416729194562,23.26850129558027],[82.19275523670937,23.27695517130383],[82.19212273857683,23.28902096456367],[82.19914965068097,23.31372675821935],[82.19178108834728,23.32678416036417],[82.16328847845108,23.33462797382585],[82.16186642282584,23.34274190764363],[82.1462937012639,23.36072044442188],[82.12436101919342,23.35377602928469],[82.11675933623945,23.35558909365032],[82.11005601537178,23.36292606941349],[82.11414619367928,23.38228798536742],[82.10413591777575,23.39779713117526],[82.09270663832255,23.3927744227805],[82.09166058389918,23.39832531007292],[82.07042013043319,23.39104351763582],[82.06398408991728,23.39307672099061],[82.05526160924576,23.37676308865907],[82.0441033215641,23.38025195506301],[82.03766173403172,23.38843744631864],[82.03219094194006,23.38237964644761],[82.0214533276501,23.38764856332086],[82.02871968431754,23.39974703575778],[82.02354465099543,23.40856477129432],[82.03252343134396,23.41000427501875],[82.02523660635305,23.42505417208608],[82.00910138107321,23.41209757343955],[81.99981968478464,23.4215638516952],[81.9872401127193,23.41413448028485],[81.98368128258558,23.41817193012147],[81.97696381787945,23.4235716517298],[81.98366123439921,23.42925405047022],[81.97792494249761,23.44207807808849],[81.98003861757164,23.44767009571244],[81.96493349917391,23.4656717125085],[81.95501609528817,23.46713776074514],[81.957816436925,23.50094672617866],[81.94230725159414,23.50553647321295],[81.93757047555663,23.51648091047506],[81.91711786302405,23.53528354441349],[81.90765124185016,23.53537473604856],[81.87618425994022,23.51298304916084],[81.86317713329974,23.51761513459339],[81.83664595537705,23.51080238151014],[81.82019103374918,23.51566186916054],[81.8167813904629,23.54109567082608],[81.80872523522328,23.54954355023881],[81.75801183973377,23.54986034810234],[81.75470126050429,23.56548381641706],[81.74685937324926,23.57005670215583],[81.7254384450156,23.55714867734342],[81.72279173930598,23.54350639795321],[81.71534683570033,23.54076930486306],[81.70000527125244,23.52209074733256],[81.69059955938262,23.52839802109691],[81.66878979192991,23.53289643964276],[81.65997149743981,23.5294722378722],[81.66251947824607,23.51402177539601],[81.65421250580911,23.49814645134546],[81.64196127051711,23.49877653297369],[81.63398170130074,23.48974724432749],[81.62707812517375,23.49100814757042],[81.61169886865363,23.51167458703999],[81.61640615724355,23.52888532720152],[81.61008138971684,23.55577825654557],[81.58361917290422,23.5540668766041],[81.57693108659882,23.58537515662614],[81.58949992935393,23.59601749614445],[81.59670932829209,23.59230276601674],[81.61194270081195,23.59523601652686],[81.60660333533895,23.61381621283769],[81.61444424911136,23.62266701045273],[81.62032639859461,23.65107557750068],[81.61419992119808,23.66290668079004],[81.64453059552312,23.65703874450347],[81.65511898560831,23.66285738204111],[81.65566066942725,23.68197501664472],[81.68427438775386,23.69097359187851],[81.69603783638247,23.72114308491205],[81.67873594798175,23.7390844507264],[81.68687508208106,23.74715400054612],[81.68158101421204,23.7536762974756],[81.64490387984188,23.76969827478897],[81.651585655874,23.79924450821354],[81.63523058144233,23.83498024898089],[81.61615865695147,23.8332414912296],[81.61126922900026,23.83682723387035],[81.6038776572571,23.85942129477065],[81.61485423021391,23.86170076866505],[81.62219268797078,23.87049910428926],[81.60378856827235,23.88450186373104],[81.61177293255147,23.89266008224167],[81.61041407125312,23.90412078622934],[81.63258261843053,23.90580324369374],[81.65828265065745,23.91639470671487],[81.66241694600485,23.92410880478843],[81.6680087417746,23.92519610871069],[81.6728980458028,23.91292070541812],[81.68338821259194,23.91112880924712],[81.68800342995895,23.9058044924402],[81.69083376928123,23.88440589797253],[81.70680754014147,23.88326567432689],[81.70403873194739,23.8755530969731],[81.70979814181577,23.87142738611013],[81.7075163730944,23.86088887755923],[81.71941663876204,23.86230165701215],[81.73158481315119,23.85714164643185],[81.72511575410616,23.84003282616225],[81.73734392670724,23.83932692469419],[81.78808800646108,23.81065790962783],[81.7928406698987,23.80990937401594],[81.7948094841283,23.81486835576558],[81.80825805834802,23.81357831690217],[81.81518537839524,23.80644592024192],[81.83684935485019,23.81615771966795],[81.83807042357729,23.8211867004953],[81.86299976790647,23.82451464857073],[81.86747674645697,23.83409283391172],[81.8877838185852,23.83531547561058],[81.89898984946878,23.8407492760992],[81.92167719959981,23.87097471014391],[81.93926018618005,23.86798556109632],[81.93892507386795,23.86194257200442],[81.94646176096285,23.86214572235978],[81.95814054460686,23.85222994746514],[81.98620570509667,23.86214553032459],[82.00882849623356,23.86121833496467],[82.02053588096136,23.84927890998777],[82.04436032878691,23.84199036669604],[82.03948780096817,23.82652192177395],[82.04944407847432,23.82458077773413],[82.05351551145388,23.81882662085784],[82.08354554468184,23.81586446945669],[82.11686614984039,23.81746814659576],[82.12367705514404,23.82254116450453],[82.14233213497066,23.81600338850664],[82.16413030867962,23.82117745524401],[82.17174902077102,23.81871747097519],[82.17885257934253,23.82210261009935],[82.18114022369492,23.83675477473274],[82.21174226658083,23.85222001778453],[82.21546208494628,23.84127553617767],[82.20648708367551,23.82772647339223],[82.2256025785653,23.82027552966219],[82.22712950327634,23.80847757032974],[82.23187674813605,23.80546861113043],[82.2605914437552,23.82127917535699],[82.28162149178499,23.81702242987302],[82.29875236626,23.80703600382216],[82.30480694492591,23.80743157719815],[82.30576169868489,23.8117621477511],[82.31748419777037,23.81179822697105],[82.33463614766167,23.80258582727534],[82.33833037080113,23.8069332264883],[82.35263276653873,23.80356537492595],[82.37694993058308,23.81107907946117],[82.39345998086883,23.79993943417012],[82.4232378282645,23.80463239680507],[82.44063173293661,23.80282927962242],[82.45376139022599,23.81158720216548],[82.46923772874567,23.81109867026373],[82.47903711304029,23.80599234648062],[82.49597636196397,23.78591055790528]]]},"properties":{"ST_NAME":"Chhattisgarh","DIST_NAME":"Manendragarh-Chirmiri-Bharatpur"}},{"type":"Feature","geometry":{"type":"Polygon","coordinates":[[[82.76662799915712,23.25580737830879],[82.75385784853268,23.25577657951346],[82.72461260866419,23.24584434222485],[82.69638542580502,23.24446324009706],[82.68838453043378,23.22581603198707],[82.66421343708735,23.20662271719355],[82.64913974758134,23.15698422381406],[82.64340881486699,23.15547994474377],[82.64384918358962,23.14913369086201],[82.6370855288083,23.14151934500111],[82.61028508973513,23.14474582441759],[82.59479131331958,23.13325544491617],[82.57695748677642,23.12777144116474],[82.58682741809238,23.09847290001003],[82.58398821629305,23.08407323042925],[82.57425145362716,23.08450383604791],[82.56941734190744,23.07463946139464],[82.58647807814643,23.06263204931556],[82.57770526420462,23.0520326161409],[82.58544642017974,23.05007402693396],[82.59562499746454,23.03558962294551],[82.59487308856423,23.02289710886837],[82.60498485391194,23.02549769787259],[82.60597761291947,23.02184741289345],[82.59797909985485,23.00063173053223],[82.58146832668254,22.99590749676453],[82.58646626987861,22.98101993665638],[82.57484134680021,22.96536023805803],[82.5614035179441,22.97653799794232],[82.45529666118222,22.96696574915107],[82.41534270955994,22.97467623088637],[82.40880293796035,22.98966811921403],[82.42201301754392,23.00044215995802],[82.40510915845843,23.04352103541983],[82.41593321469426,23.04826622976486],[82.41689357759827,23.06075647856208],[82.41096912445342,23.06509567657981],[82.41392718401411,23.07568144144882],[82.40548393521922,23.09716099761896],[82.43484945957725,23.09973899298133],[82.43818855456472,23.09555361634093],[82.4594538443715,23.10285979990512],[82.43414702720277,23.11706126921868],[82.41158829864936,23.14839885723572],[82.4345835144276,23.17248795052647],[82.43513729243051,23.20926358113963],[82.36962406322736,23.21206269524094],[82.36712776486848,23.26251324852407],[82.36923028684429,23.27115696530406],[82.38614744039582,23.27017825009423],[82.3992537647833,23.27948629543058],[82.40075701902938,23.29221960152038],[82.39370582942152,23.30095118097298],[82.40683408430726,23.31649712143976],[82.40424053672412,23.32971319858701],[82.43035992673154,23.32988365068748],[82.43618471595587,23.33292428353829],[82.43890321974689,23.34251149483718],[82.46346092962916,23.3353740155658],[82.47274355947107,23.34293549966076],[82.49272595940849,23.34757783550433],[82.51370713167834,23.36483644763284],[82.53193979691848,23.36300611663798],[82.54655444592198,23.3687028444033],[82.56078920270004,23.36379622632086],[82.593043920201,23.36650375493432],[82.60697225061315,23.37408737452795],[82.60972913270994,23.38951413708226],[82.6289122986069,23.40713252794672],[82.65136101713158,23.4072986783764],[82.64900047014963,23.3906462409613],[82.6531311914702,23.38183699973708],[82.66349954752465,23.38112704592894],[82.6759772946381,23.37029633003105],[82.6966145905817,23.36957749530053],[82.71618241770803,23.36125940414098],[82.72646082846929,23.36465941016031],[82.74875638208222,23.35419471127326],[82.75661979370402,23.33417849270957],[82.75209894057308,23.32041365478935],[82.75690310632469,23.30256033074781],[82.7454797337581,23.29544554944036],[82.74438047020973,23.27081644322294],[82.77105815053709,23.26090717222384],[82.76662799915712,23.25580737830879]]]},"properties":{"ST_NAME":"Chhattisgarh","DIST_NAME":"Koriya"}},{"type":"Feature","geometry":{"type":"Polygon","coordinates":[[[83.03983207520113,23.11183491449701],[83.03609810642052,23.10859832326862],[83.04111218631157,23.09077850304962],[83.03851482650022,23.08178600460865],[83.02696304887712,23.07841120667912],[83.0037304591789,23.05241943627619],[82.98420497832029,23.04644871330683],[82.9727245312913,23.04901782324033],[82.9567996275662,23.08190877192951],[82.94950484823539,23.08385356486458],[82.94289090477247,23.07951154206111],[82.94166402926017,23.08945931898666],[82.9225927808718,23.11145681488915],[82.8702885003319,23.10471777714342],[82.85951870465614,23.0788211725638],[82.84635561851543,23.07348045700993],[82.84782313541886,23.06061551814662],[82.88731550667933,23.06419598622671],[82.90767145880142,23.06179482300374],[82.91924405856714,23.07159656326597],[82.92740702298784,23.07072068839875],[82.92903760707713,23.03510305563954],[82.92285302918918,23.02860521330496],[82.9079195478623,23.02832199505381],[82.90089737337696,23.02116068204666],[82.88598588126197,23.01684437430685],[82.840891454648,23.01000052750154],[82.84165119655123,22.99864749189441],[82.8600787310654,22.99294613277176],[82.86250481143803,22.98589062344098],[82.82864334070985,22.93538212994405],[82.8034676321909,22.93814126701112],[82.79849338555628,22.93230202580721],[82.79675979289556,22.90056255594525],[82.80113742910274,22.87360457991716],[82.79464616832772,22.86787456473412],[82.77641846709054,22.87043168768566],[82.77463918097729,22.85170538182052],[82.76311414722392,22.84228890636166],[82.76973190177229,22.81223870917382],[82.76784116975223,22.78988536731303],[82.71292933848386,22.83354097774127],[82.69446999443784,22.8332603137229],[82.6736055881621,22.81686787625648],[82.65189397295194,22.80899787198496],[82.63950352479755,22.81114515274583],[82.63356459154406,22.81888131977075],[82.59809973312187,22.83246093798941],[82.57164636032287,22.82978646759229],[82.55602718111044,22.84688524648356],[82.55599244484976,22.86204111645664],[82.56793695452602,22.86758378290679],[82.57684871405488,22.888426387005],[82.574207810754,22.89718137853604],[82.58883120793736,22.89422052352089],[82.59290041779789,22.89739521151484],[82.58934312992442,22.90743622589658],[82.5734491178394,22.91279593165458],[82.57270423664615,22.94884715646986],[82.55840193626416,22.95748651089821],[82.56439457423677,22.96253794698404],[82.5727282971358,22.96110957219932],[82.57484134680021,22.96536023805803],[82.58646626987861,22.98101993665638],[82.58146832668254,22.99590749676453],[82.59797909985485,23.00063173053223],[82.60597761291947,23.02184741289345],[82.60498485391194,23.02549769787259],[82.59487308856423,23.02289710886837],[82.59562499746454,23.03558962294551],[82.58544642017974,23.05007402693396],[82.57770526420462,23.0520326161409],[82.58647807814643,23.06263204931556],[82.56941734190744,23.07463946139464],[82.57425145362716,23.08450383604791],[82.58398821629305,23.08407323042925],[82.58682741809238,23.09847290001003],[82.57695748677642,23.12777144116474],[82.59479131331958,23.13325544491617],[82.61028508973513,23.14474582441759],[82.6370855288083,23.14151934500111],[82.64384918358962,23.14913369086201],[82.64340881486699,23.15547994474377],[82.64913974758134,23.15698422381406],[82.66421343708735,23.20662271719355],[82.68838453043378,23.22581603198707],[82.69638542580502,23.24446324009706],[82.72461260866419,23.24584434222485],[82.75385784853268,23.25577657951346],[82.76662799915712,23.25580737830879],[82.77105815053709,23.26090717222384],[82.74438047020973,23.27081644322294],[82.7454797337581,23.29544554944036],[82.75690310632469,23.30256033074781],[82.75209894057308,23.32041365478935],[82.75661979370402,23.33417849270957],[82.74875638208222,23.35419471127326],[82.72646082846929,23.36465941016031],[82.71618241770803,23.36125940414098],[82.6966145905817,23.36957749530053],[82.6759772946381,23.37029633003105],[82.66349954752465,23.38112704592894],[82.6531311914702,23.38183699973708],[82.64900047014963,23.3906462409613],[82.65136101713158,23.4072986783764],[82.65566963921623,23.42007294878662],[82.65498965019567,23.44402217162357],[82.64765064831967,23.47407957103192],[82.6505503933825,23.47752961069386],[82.64328041726694,23.48432849880471],[82.64191183631372,23.50055708058856],[82.62142733019024,23.51386715218291],[82.61401745930353,23.5129555074157],[82.60344779571669,23.5255715615528],[82.58983827745598,23.53288770332631],[82.58024501821764,23.54668625259132],[82.58529006194155,23.55328555289412],[82.5784444859635,23.57044831730526],[82.58316954854054,23.57707652482388],[82.57634186487316,23.58512054919149],[82.57956445688575,23.6137348559013],[82.57443936650861,23.62646859177519],[82.58074757786422,23.63971173655967],[82.59219792569864,23.64508011065483],[82.60329960440315,23.66177757830208],[82.59589679861426,23.69248184373862],[82.58710384535514,23.69887183394199],[82.57552669560579,23.72000971926693],[82.56640099653109,23.72501159622502],[82.5662177002647,23.73370492442174],[82.55356777659472,23.73709373531335],[82.54916063216687,23.75309520071512],[82.53806233826298,23.76149337281876],[82.51390558654296,23.75630447005583],[82.50053740657142,23.76082390513626],[82.49597636196397,23.78591055790528],[82.52443999940515,23.78378086728474],[82.53810606646637,23.79429082816611],[82.55145276089446,23.79068212806566],[82.54842021674861,23.80858928125598],[82.53305221490311,23.82218649411072],[82.55423051057747,23.82623906001051],[82.56473935947393,23.8207862818027],[82.57317304145344,23.8241022105933],[82.59079571727148,23.82212694647217],[82.60753760290532,23.8333324820408],[82.63564983468027,23.83763164247142],[82.63839337993242,23.84791509508114],[82.64761184738602,23.84877196353822],[82.64697494976237,23.85905337429046],[82.65978587004692,23.85444993631727],[82.66051358394263,23.8624165571912],[82.6646068141405,23.86375940193086],[82.66857802510987,23.87175103143966],[82.65119872415428,23.890124850639],[82.66156722731623,23.90768433587523],[82.68886094196812,23.909840995509],[82.69339889974009,23.92024196780539],[82.69725350373668,23.91965359614979],[82.70348423814224,23.92453084411517],[82.74778261856282,23.92031813105143],[82.75483293424047,23.92218511771815],[82.75463307433655,23.93579356358426],[82.77973959430297,23.93886562754023],[82.79698771797673,23.95190336285874],[82.79970629131219,23.96135296951391],[82.8116238444547,23.96112467250265],[82.82714344392309,23.96263485166474],[82.83671160870959,23.95741487626759],[82.86055951078181,23.93867544886199],[82.86623847506742,23.92423715951943],[82.884045819858,23.90906852943994],[82.92865083558642,23.89117107028122],[82.93679931009146,23.87753230781499],[82.95204838995312,23.87081299346207],[82.99596134687103,23.87275331555358],[83.00127881938539,23.87700749322509],[83.03382178204481,23.87993162969978],[83.05331421386546,23.87965165351357],[83.07534985639643,23.87029720785001],[83.09310515288145,23.87199263185716],[83.14157218757856,23.8850147335578],[83.1598089668714,23.90770791929162],[83.17141336110271,23.90805482695411],[83.19060432277345,23.91756901084299],[83.20042649992344,23.91546659526868],[83.20840242044518,23.9130558085765],[83.21115097698252,23.90598965832201],[83.19638818875028,23.89118782528757],[83.2115937395358,23.87330297589561],[83.2435835710239,23.87423935290344],[83.24601567855007,23.88191791860886],[83.25743286377177,23.88742809166716],[83.26899008349945,23.88464629867774],[83.3183542362043,23.90089725926438],[83.33487063166028,23.8975359904838],[83.33926388228473,23.88630008655251],[83.35452052983315,23.87714166878042],[83.35019138585182,23.85211409899463],[83.33757146875116,23.83856379866655],[83.33815297810881,23.80521896726204],[83.35118489637136,23.79235986395689],[83.37082039234232,23.7929244353706],[83.38784329001014,23.78733807513376],[83.38689004955476,23.78405921574351],[83.36886744578409,23.78236346281568],[83.35972362169503,23.7575446970289],[83.3681093041173,23.74728294019724],[83.3982370539224,23.73067233435791],[83.4103126211613,23.71410794286252],[83.4225139732572,23.70860566977975],[83.42103736888154,23.70026016484946],[83.42844200968727,23.69203462519816],[83.42114095474146,23.68005756004273],[83.41890837714433,23.66357622605264],[83.41049866571169,23.65950312342302],[83.39959685510945,23.64214346549077],[83.38891233182373,23.64060626301575],[83.38334773765888,23.62893857549834],[83.39260779665527,23.58376635993218],[83.37411549718823,23.58038594085029],[83.3642008675747,23.5829057855176],[83.35586247997999,23.57399453057978],[83.34145704702743,23.57650429705354],[83.33278074462648,23.56148940287982],[83.29265546434448,23.56303092145542],[83.28988598268597,23.55399988533398],[83.25310298001472,23.5409531576023],[83.25131621801721,23.51956461263868],[83.25613643610804,23.5117529984839],[83.27479874525172,23.51597264061301],[83.31601552653744,23.50999002007565],[83.33664027731851,23.51502781188668],[83.36009598687609,23.51464828364617],[83.35869618960821,23.49014487407747],[83.33381777686814,23.48742411333582],[83.33984216663319,23.4684660049998],[83.36401663370454,23.45676892308102],[83.3720205610671,23.42805824830552],[83.35513078831966,23.42258479128967],[83.36095965785559,23.41031076873765],[83.33416921482097,23.41278479516997],[83.33034475859826,23.40934188185694],[83.32868686720975,23.38528031467653],[83.33467448228802,23.37842983261278],[83.34576613941206,23.38121020201263],[83.35149960699667,23.37232618089094],[83.35023010713876,23.36558747645622],[83.33691392532657,23.35902607504123],[83.32059623631169,23.37177466264969],[83.31591410174445,23.36326487509098],[83.31050685783292,23.36339885499507],[83.27098590662114,23.3804787137422],[83.24775312313186,23.40027306144153],[83.23886146438684,23.39901478735918],[83.21815255011688,23.34323470179449],[83.21353440624853,23.31377193522042],[83.22829154642447,23.29723051243705],[83.22418801569451,23.28386509288451],[83.22110449368604,23.26227285057091],[83.20677234925893,23.25418901418463],[83.20544015005561,23.24781577374845],[83.21637704780525,23.22541227904413],[83.24206909513893,23.21215919071829],[83.25278702853876,23.21195413717996],[83.25575943440812,23.20870443489545],[83.25154929259374,23.20497508193703],[83.23176530643502,23.19822979923567],[83.2247936001561,23.21717474484554],[83.21425217847846,23.21819367045915],[83.20515025318956,23.19285059792558],[83.19730905920844,23.1877924795241],[83.17410732935015,23.21203669926129],[83.15267948676808,23.21562333371901],[83.1411977177929,23.15802613491431],[83.13272677619743,23.15674257355995],[83.14256825827599,23.14710400138497],[83.15998219414381,23.12032365391472],[83.17045508968471,23.09091751692651],[83.1560305935248,23.07947815732612],[83.13887098251851,23.08585974629736],[83.13304188024496,23.1108483582495],[83.12348712642113,23.11684690052828],[83.11192337992102,23.11736216786508],[83.09861407381584,23.10922877819927],[83.03983207520113,23.11183491449701]]]},"properties":{"ST_NAME":"Chhattisgarh","DIST_NAME":"Surajpur"}},{"type":"Feature","geometry":{"type":"MultiPolygon","coordinates":[[[[83.32978148725181,24.1014409568337],[83.34872980007123,24.09631475485315],[83.3639801577357,24.10304947576406],[83.38832231911513,24.09962456622294],[83.40029070786255,24.09232419040209],[83.405729714978,24.08101497301506],[83.43219241249875,24.08591562550828],[83.43817434161005,24.07500071898357],[83.43752627623816,24.05820833926207],[83.45171502455236,24.04271974625842],[83.4784526564852,24.0410579629009],[83.51600048569242,24.0254654508515],[83.51592825872517,24.024194210329],[83.515899435798,24.02368690181628],[83.52387642198894,24.00979739988856],[83.51444213603953,23.99811996639364],[83.51545349965134,23.98027989520195],[83.54789820567176,23.93636696932012],[83.5470484334727,23.91409749779828],[83.55427776997257,23.89612731777732],[83.56047214611233,23.89236710608796],[83.57635651867136,23.89278936296543],[83.58581400117643,23.88628946916139],[83.5840723361897,23.87797357896704],[83.56989082764902,23.86918239976142],[83.57115897549103,23.8622858816616],[83.58935597593201,23.86317800186855],[83.61045979719606,23.85382262798822],[83.61879124306998,23.85511847644837],[83.64457134605081,23.84648703820808],[83.65952857000076,23.84918974305872],[83.66728105986556,23.84224272885397],[83.66479495698786,23.8275793803076],[83.6746866953059,23.82692136328054],[83.6825390904829,23.81935315388305],[83.69107728933703,23.82624637368443],[83.70404309277093,23.82206003921572],[83.70762403804954,23.81616563409622],[83.70477032660355,23.80467941598601],[83.72246840780387,23.78682339735168],[83.7213580346767,23.77197731142877],[83.7376074392471,23.76055663312219],[83.74081754705126,23.73082825826498],[83.7417967685717,23.72870136627383],[83.7460347045396,23.71954774421579],[83.74260679611558,23.70487319319073],[83.72283053048776,23.68591250604282],[83.73881861867225,23.66681419513492],[83.76108866509303,23.65167781481247],[83.75201286559188,23.63882496288616],[83.75922605140671,23.62619494573075],[83.77529059819886,23.62182848301559],[83.77364550141621,23.61005773730657],[83.76684640623849,23.60577135597169],[83.76744405399111,23.59590621615948],[83.79002039378554,23.57693093378205],[83.78191079925745,23.55478587491236],[83.78313633589474,23.54219207470016],[83.75898889116942,23.54271814355719],[83.7555582339146,23.56675390459481],[83.74176661477043,23.57178086586424],[83.73090977968147,23.55047025582807],[83.74006213607939,23.52046482185944],[83.73601421526361,23.50378505319513],[83.71166957163774,23.4872993369726],[83.69418458526766,23.49608610535938],[83.66595866210515,23.48975675338669],[83.65408420113748,23.50088116103526],[83.62829811187675,23.45852092805127],[83.60323041462878,23.44754660119901],[83.58414130125388,23.45569984910934],[83.55880342763383,23.45803012203037],[83.56555940418275,23.43303967629775],[83.56209848239537,23.42532818902254],[83.55417538444127,23.42202937022886],[83.54236813511152,23.42122585817396],[83.52629082663293,23.42983179585447],[83.49876369624542,23.43105283177178],[83.49019401271002,23.43521844684387],[83.48413465989846,23.42897173024462],[83.47948929408398,23.44738595898422],[83.46738021654923,23.44718963079696],[83.46583066765355,23.4365730011127],[83.46136849112958,23.43847361114597],[83.4568754091886,23.46054844869029],[83.45027991324619,23.4630123666106],[83.44539117501257,23.46099362327521],[83.44165841758743,23.44102520310964],[83.42498142450322,23.42444249656865],[83.41804297481349,23.42554303677162],[83.41306580097005,23.43999157890341],[83.39970704647716,23.44577098790595],[83.40604739105623,23.45961102943554],[83.39790155749994,23.46233096368437],[83.40964263996304,23.4708148497152],[83.42092690058288,23.49101330499909],[83.44584844357014,23.49378165156375],[83.45374712414986,23.50345650685963],[83.455734692749,23.51909018690345],[83.4480041513594,23.54183096549308],[83.44124698513937,23.54811301794639],[83.42893141172149,23.54724325981119],[83.42401802110261,23.52798295898016],[83.40383536087033,23.51308570089189],[83.36009598687589,23.5146482836564],[83.33664027734693,23.51502781187838],[83.31601552656461,23.50999002009392],[83.27479874525932,23.51597264062956],[83.25613643611493,23.51175299848705],[83.25131621803524,23.51956461266303],[83.2531029800192,23.54095315759716],[83.28988598270716,23.55399988535097],[83.29265546435411,23.56303092146903],[83.33278074462991,23.56148940290093],[83.34145704705209,23.57650429705118],[83.35586248000692,23.57399453057077],[83.36420086759176,23.5829057855418],[83.37411549718057,23.58038594087176],[83.39260779667954,23.58376635994976],[83.38334773766816,23.62893857551508],[83.38891233182173,23.64060626301482],[83.39959685511722,23.64214346549116],[83.41049866572578,23.65950312341758],[83.41890837714773,23.66357622606147],[83.42114095475193,23.68005756003644],[83.42844200968985,23.69203462519123],[83.42103736888315,23.70026016486509],[83.42251397327439,23.7086056697901],[83.41031262116033,23.71410794288298],[83.39823705391561,23.73067233438304],[83.3681093041098,23.74728294021766],[83.35972362171216,23.75754469702361],[83.36886744578862,23.78236346281931],[83.38689004955319,23.78405921575591],[83.38784329002192,23.7873380751515],[83.37082039236296,23.79292443538666],[83.35118489636763,23.79235986395527],[83.3381529781336,23.80521896727825],[83.33757146875489,23.83856379867432],[83.35019138586884,23.852114099005],[83.354520529849,23.87714166878122],[83.33926388229823,23.88630008657647],[83.33487063166687,23.89753599049479],[83.31835423619808,23.90089725928499],[83.26899008349102,23.88464629869128],[83.2574328637785,23.88742809166519],[83.24601567855353,23.88191791861395],[83.24358357103245,23.8742393529041],[83.21159373954649,23.87330297591757],[83.19638818875605,23.89118782530177],[83.21115097701025,23.9059896583402],[83.20840242043975,23.91305580858395],[83.2004264999209,23.91546659526853],[83.20819514367979,23.92223826481725],[83.20391148533199,23.9288352610702],[83.21617151890625,23.93797000691668],[83.2155788701221,23.94580417050862],[83.22026613688233,23.94934213017778],[83.22340164500226,23.96040869946644],[83.21890696421187,23.9712505354204],[83.22722941305408,23.97784187170401],[83.22357598134951,23.98652693209432],[83.23073129122452,23.98909410478089],[83.23292324449721,23.99561676389511],[83.24254308620611,23.99720589791568],[83.23895075904132,24.00594145826682],[83.24637163484525,24.01329871725259],[83.25382579581355,24.01469523155567],[83.26414784087535,24.00923747916572],[83.27271382557429,24.01793536731221],[83.27921997107372,24.01819436772668],[83.28366871043103,24.03286299605659],[83.28198107214669,24.04947284735903],[83.29516263563143,24.07207226250014],[83.31435568878351,24.09007948675889],[83.32116965324073,24.10561526585697],[83.32978148725181,24.1014409568337]]],[[[84.03774032169531,23.17068093580332],[84.01873312870406,23.1883066159149],[84.00152299257738,23.18334425570014],[83.9726900554925,23.18446598912466],[83.96713654913626,23.17242566825317],[83.95961529032158,23.1733352256914],[83.94380010139244,23.1656180267146],[83.94398268957269,23.15433247807382],[83.92598939837909,23.15078985688574],[83.92669843330019,23.16791865214452],[83.91440931786207,23.17444833833163],[83.90729043128042,23.18466736095775],[83.88524367215172,23.18826137471375],[83.87749501806482,23.21270071257525],[83.86414316734466,23.21540847162888],[83.85375456746978,23.2278819391772],[83.8443557069505,23.2285898626552],[83.8266886654571,23.24331569517647],[83.8115392544292,23.24301059703541],[83.79182733292679,23.25060131427196],[83.77998051756036,23.22549393819646],[83.76703315537421,23.22887449166967],[83.74857732386384,23.24376145865588],[83.72641229760076,23.23349286153164],[83.71984242290108,23.22420864306004],[83.72298385272367,23.21406884374174],[83.70904145294341,23.20998278289004],[83.69851036909249,23.21263284625103],[83.7011025905634,23.22477794880303],[83.67217489206577,23.23178570219084],[83.65350940559466,23.22947980374289],[83.63422895273725,23.21960634463622],[83.62659101915132,23.22193031529969],[83.61882600588599,23.21746382643714],[83.60160625629376,23.19030045099355],[83.5750749338363,23.19426256603405],[83.56802556878442,23.18793290646518],[83.57052583723761,23.18380702992774],[83.56920955664985,23.17480303152486],[83.55444132759042,23.17502106973124],[83.54132267923855,23.20436629334331],[83.5341612436337,23.20702842988729],[83.53218560082378,23.21671275533218],[83.52130679548698,23.22724813332907],[83.52723593193399,23.24469684390594],[83.51748433119546,23.24615473461108],[83.51057654487474,23.24064514790548],[83.48917351182222,23.24277788105131],[83.48996904921373,23.25612034472831],[83.47766252744196,23.25518333788157],[83.46446423582229,23.2469422516391],[83.45268260004313,23.25052423549362],[83.43545684400344,23.24624642698478],[83.40776325912456,23.25987304813745],[83.36902989128764,23.2529000711489],[83.37380286384008,23.24457406539745],[83.37146218919331,23.23688525958585],[83.37715388447906,23.23235172289751],[83.39049450631994,23.23266120952765],[83.38967874390113,23.22532021395373],[83.37544853667286,23.21571806135549],[83.36960601373153,23.19402240975589],[83.35306368418827,23.18981675163177],[83.34435587284844,23.1722802412643],[83.33719754267378,23.17812149559365],[83.3273913056395,23.15463583372306],[83.31134264653096,23.1567890511136],[83.30791657022354,23.18104358954615],[83.2903049320303,23.19318532348675],[83.28943300640672,23.18536090703352],[83.28531436694713,23.18537265256442],[83.25965056008314,23.19334488824494],[83.28154721939205,23.20489865599145],[83.25636624621079,23.21686734180307],[83.25278702853876,23.21195413717996],[83.24206909513893,23.21215919071829],[83.21637704780525,23.22541227904413],[83.20544015005561,23.24781577374845],[83.20677234925893,23.25418901418463],[83.22110449368604,23.26227285057091],[83.22418801569451,23.28386509288451],[83.22829154642447,23.29723051243705],[83.21353440624853,23.31377193522042],[83.21815255011688,23.34323470179449],[83.23886146438684,23.39901478735918],[83.24775312313186,23.40027306144153],[83.27098590662114,23.3804787137422],[83.31050685783292,23.36339885499507],[83.31591410174445,23.36326487509098],[83.32059623631169,23.37177466264969],[83.33691392532657,23.35902607504123],[83.35023010713876,23.36558747645622],[83.35149960699667,23.37232618089094],[83.34576613941206,23.38121020201263],[83.33467448228802,23.37842983261278],[83.32868686720975,23.38528031467653],[83.33034475859826,23.40934188185694],[83.33416921482097,23.41278479516997],[83.36095965785559,23.41031076873765],[83.35513078831966,23.42258479128967],[83.3720205610671,23.42805824830552],[83.36401663370454,23.45676892308102],[83.33984216663319,23.4684660049998],[83.33381777686814,23.48742411333582],[83.35869618960821,23.49014487407747],[83.36009598687609,23.51464828364617],[83.40383536086455,23.51308570089104],[83.42401802107993,23.52798295895702],[83.42893141171852,23.54724325978853],[83.44124698513836,23.54811301794774],[83.44800415133834,23.5418309654847],[83.4557346927374,23.51909018689806],[83.45374712415791,23.50345650685594],[83.44584844357776,23.49378165155005],[83.4209269005824,23.49101330499844],[83.40964263996844,23.47081484971996],[83.39790155750815,23.46233096367975],[83.4060473910304,23.45961102942378],[83.39970704647743,23.4457709879096],[83.41306580095139,23.43999157887845],[83.41804297481721,23.42554303676128],[83.42498142448166,23.42444249657071],[83.44165841757754,23.44102520308422],[83.44539117501395,23.46099362326121],[83.45027991321992,23.46301236659643],[83.4568754091887,23.46054844866494],[83.46136849111673,23.43847361111993],[83.46583066763631,23.43657300110981],[83.46738021654023,23.44718963077915],[83.47948929405949,23.44738595897466],[83.48413465989995,23.42897173021968],[83.490194012719,23.43521844683743],[83.4987636962314,23.4310528317611],[83.5262908266267,23.4298317958559],[83.54236813509993,23.42122585817791],[83.55417538445049,23.4220293702175],[83.5620984823979,23.42532818901475],[83.56555940417653,23.43303967628252],[83.55880342762062,23.45803012202485],[83.58414130124766,23.45569984910413],[83.60323041463113,23.44754660118301],[83.62829811186828,23.45852092804742],[83.65408420110934,23.50088116101939],[83.6659586620923,23.48975675336587],[83.69418458525088,23.49608610534413],[83.71166957163763,23.48729933695862],[83.73601421525774,23.50378505319472],[83.7400621360865,23.52046482184896],[83.73090977966501,23.55047025582706],[83.74176661476251,23.57178086584194],[83.7555582339234,23.5667539045817],[83.75898889117774,23.54271814354382],[83.78313633589077,23.54219207470593],[83.78191079925799,23.55478587489395],[83.79002039377035,23.57693093376591],[83.76744405398448,23.59590621615772],[83.7668464062448,23.60577135595839],[83.77364550141539,23.61005773731197],[83.80056986769353,23.6018740627365],[83.80686440253405,23.58744064842743],[83.81535842685696,23.59589525966375],[83.8261149379273,23.59035228826147],[83.88802092339695,23.57844145274006],[83.89908361226358,23.58235187445085],[83.93761103882596,23.56876625580595],[83.93895937117651,23.59014201768808],[83.93282846967846,23.60066739810284],[83.93148623988601,23.6199268538167],[83.94681108512887,23.6264644742895],[83.98039097583933,23.62491221981815],[83.98071335157884,23.63359000316916],[84.01600596875599,23.63425250687608],[84.00766646464733,23.62259050841142],[84.0168713304496,23.60825729320685],[84.02986129892757,23.6001470918165],[84.02954243759655,23.56729738670364],[84.02470413268792,23.55494518997151],[84.02788230386837,23.54576520911126],[84.01732011542808,23.52269541589286],[84.01441654069939,23.50339436199815],[84.00076561201253,23.4968809002933],[83.9849614308091,23.46551102289425],[83.97419191339492,23.46021485089719],[83.98577987121526,23.42566382649916],[83.96708394209179,23.38765791077458],[83.98032987016006,23.3646894889582],[84.01066295231611,23.35430568068926],[84.02311367098312,23.37772585168197],[84.05049681256536,23.37480499522295],[84.0471576545919,23.37086222485183],[84.05248418975671,23.36704486807982],[84.05402742897164,23.35233775459868],[84.07466231216887,23.3336379935286],[84.06195742991946,23.30803138506145],[84.06787335566815,23.29428262911295],[84.06278007129147,23.28917372590293],[84.06448379069617,23.27528861512906],[84.05368869123878,23.24611478877657],[84.05910047869789,23.23589569397798],[84.05562894350172,23.22020879537988],[84.06317066662541,23.20568552529328],[84.0552509161745,23.19216767801365],[84.04283967625729,23.18288370785856],[84.03774032169531,23.17068093580332]]]]},"properties":{"ST_NAME":"Chhattisgarh","DIST_NAME":"Balrampur-Ramanujganj"}},{"type":"Feature","geometry":{"type":"Polygon","coordinates":[[[83.15712352074335,22.76863140731527],[83.15724890216993,22.74664948943089],[83.1515189651467,22.73488884528754],[83.13842313108046,22.73539261834692],[83.11541713957878,22.72589061881709],[83.11736019542569,22.71401243166443],[83.12307014956366,22.69967338332904],[83.11772504698855,22.68937969484994],[83.10160096522272,22.68237777343591],[83.11539467651534,22.67124894766591],[83.09314412658553,22.67430408308216],[83.08272367511503,22.66858953558991],[83.06499109715477,22.66878621421071],[83.01406218584026,22.63832001014785],[83.00991204701118,22.64902811932591],[82.99016596711975,22.66527090145081],[82.96689828108565,22.66585347723277],[82.94077406958434,22.67844505745732],[82.92926809521514,22.69671191459846],[82.88896970404632,22.72533017742051],[82.87447507086138,22.74648552064357],[82.8636908749519,22.75140640620147],[82.83292024677515,22.74430183339917],[82.77299154039557,22.77232584574944],[82.76486450149189,22.78034293674065],[82.76784116975223,22.78988536731303],[82.76973190177229,22.81223870917382],[82.76311414722392,22.84228890636166],[82.77463918097729,22.85170538182052],[82.77641846709054,22.87043168768566],[82.79464616832772,22.86787456473412],[82.80113742910274,22.87360457991716],[82.79675979289556,22.90056255594525],[82.79849338555628,22.93230202580721],[82.8034676321909,22.93814126701112],[82.82864334070985,22.93538212994405],[82.86250481143803,22.98589062344098],[82.8600787310654,22.99294613277176],[82.84165119655123,22.99864749189441],[82.840891454648,23.01000052750154],[82.88598588126197,23.01684437430685],[82.90089737337696,23.02116068204666],[82.9079195478623,23.02832199505381],[82.92285302918918,23.02860521330496],[82.92903760707713,23.03510305563954],[82.92740702298784,23.07072068839875],[82.91924405856714,23.07159656326597],[82.90767145880142,23.06179482300374],[82.88731550667933,23.06419598622671],[82.84782313541886,23.06061551814662],[82.84635561851543,23.07348045700993],[82.85951870465614,23.0788211725638],[82.8702885003319,23.10471777714342],[82.9225927808718,23.11145681488915],[82.94166402926017,23.08945931898666],[82.94289090477247,23.07951154206111],[82.94950484823539,23.08385356486458],[82.9567996275662,23.08190877192951],[82.9727245312913,23.04901782324033],[82.98420497832029,23.04644871330683],[83.0037304591789,23.05241943627619],[83.02696304887712,23.07841120667912],[83.03851482650022,23.08178600460865],[83.04111218631157,23.09077850304962],[83.03609810642052,23.10859832326862],[83.03983207520113,23.11183491449701],[83.09861407381584,23.10922877819927],[83.11192337992102,23.11736216786508],[83.12348712642113,23.11684690052828],[83.13304188024496,23.1108483582495],[83.13887098251851,23.08585974629736],[83.1560305935248,23.07947815732612],[83.17045508968471,23.09091751692651],[83.15998219414381,23.12032365391472],[83.14256825827599,23.14710400138497],[83.13272677619743,23.15674257355995],[83.1411977177929,23.15802613491431],[83.15267948676808,23.21562333371901],[83.17410732935015,23.21203669926129],[83.19730905920844,23.1877924795241],[83.20515025318956,23.19285059792558],[83.21425217847846,23.21819367045915],[83.2247936001561,23.21717474484554],[83.23176530643502,23.19822979923567],[83.25154929259374,23.20497508193703],[83.25575943440812,23.20870443489545],[83.25278702853876,23.21195413717996],[83.25636624621079,23.21686734180307],[83.28154721939205,23.20489865599145],[83.25965056008314,23.19334488824494],[83.28531436694713,23.18537265256442],[83.28943300640672,23.18536090703352],[83.2903049320303,23.19318532348675],[83.30791657022354,23.18104358954615],[83.31134264653096,23.1567890511136],[83.3273913056395,23.15463583372306],[83.33719754267378,23.17812149559365],[83.34435587284844,23.1722802412643],[83.35306368418827,23.18981675163177],[83.36960601373153,23.19402240975589],[83.37544853667286,23.21571806135549],[83.38967874390113,23.22532021395373],[83.39049450631994,23.23266120952765],[83.37715388447906,23.23235172289751],[83.37146218919331,23.23688525958585],[83.37380286384008,23.24457406539745],[83.36902989128764,23.2529000711489],[83.40776325912456,23.25987304813745],[83.43545684400344,23.24624642698478],[83.45268260004313,23.25052423549362],[83.46446423582229,23.2469422516391],[83.47766252744196,23.25518333788157],[83.48996904921373,23.25612034472831],[83.48917351182222,23.24277788105131],[83.51057654487474,23.24064514790548],[83.51748433119546,23.24615473461108],[83.52723593193399,23.24469684390594],[83.52130679548698,23.22724813332907],[83.53218560082378,23.21671275533218],[83.5341612436337,23.20702842988729],[83.54132267923855,23.20436629334331],[83.55444132759042,23.17502106973124],[83.55363624447476,23.17161518272619],[83.55435792635238,23.15739895496877],[83.56265583485143,23.1476289880627],[83.56123634628736,23.1340931091397],[83.55611125915468,23.12515796165201],[83.53539592846114,23.12019515305466],[83.53523584736503,23.11125988886812],[83.5175162843181,23.09380538557372],[83.5087273564542,23.08996754340658],[83.51144294099024,23.08145272311973],[83.50184346001814,23.07261314230121],[83.49996629900579,23.06386750239361],[83.51424167135964,23.05678772632892],[83.5248573589545,23.0587353201908],[83.54999794125312,23.03333104338257],[83.53028545745886,23.00045615934502],[83.51221971304159,22.98481211954267],[83.50372543537519,22.95348678019984],[83.50948393959207,22.94179745972259],[83.52223827378164,22.93399306369107],[83.53335283151692,22.91473298253751],[83.54408987698059,22.91003872483437],[83.55739337293473,22.89454846915526],[83.56948433493376,22.89046009999964],[83.57069516789069,22.87773341023233],[83.57846731136073,22.87001709627339],[83.59551164050374,22.86901054860296],[83.59153985791792,22.86008571195504],[83.59591515420568,22.85792659983748],[83.59513711778403,22.84914329187248],[83.62271435043122,22.84209739950289],[83.62053284054824,22.83042864811433],[83.63014877345904,22.82565045664287],[83.6458103103752,22.82654299633455],[83.65436204685088,22.79118552488404],[83.65200111575899,22.78315186136261],[83.65856396702621,22.77661636478094],[83.64742353605526,22.76153050206809],[83.65482172760134,22.75634661350348],[83.6559768000207,22.74760948789032],[83.64718028265487,22.74755775366237],[83.65046881594408,22.73714933589406],[83.64452705461167,22.73848444430069],[83.64419039916288,22.73303239663579],[83.63102480369658,22.72821582194834],[83.62872733307988,22.71212899799016],[83.63738697431452,22.69907589123813],[83.68116616743508,22.68093251663444],[83.69047365665165,22.66847695376058],[83.68688715319581,22.64427741734194],[83.67297354666874,22.6230718094426],[83.65770964540383,22.63012424400173],[83.64275049850329,22.65800425659154],[83.55216929648431,22.69625047510426],[83.52834679917277,22.67751489088749],[83.50572911931269,22.67148184930336],[83.5059417973876,22.65915761367894],[83.46685356739327,22.66840245228367],[83.46099385265666,22.67362900516009],[83.45594634649926,22.6705330614479],[83.43428537007556,22.6748595304939],[83.43506399662084,22.66648015997157],[83.42934624465083,22.66234231426712],[83.40940492225928,22.65818497863806],[83.41684749176314,22.64419393038542],[83.41161322816065,22.63852710283426],[83.40493126761828,22.63954894405095],[83.40513896252375,22.64687390438255],[83.38461393634053,22.65309793032805],[83.37925102700034,22.66921619321477],[83.37639579264369,22.69179148765951],[83.38778468089761,22.68801404715763],[83.39198058602585,22.69602543594553],[83.39165568099925,22.71350225644356],[83.39889874895519,22.72651759949259],[83.39366183935465,22.73479281843653],[83.37184959060019,22.74151264011666],[83.3637634495954,22.72980412930471],[83.3518278273099,22.72960690663739],[83.33311549943643,22.75909418148614],[83.32016011036482,22.76606471660177],[83.31519309783141,22.75816377989597],[83.28625922979593,22.76942840411932],[83.26792938137794,22.76447668566452],[83.25893850124659,22.76776950360619],[83.24573365434985,22.75949925354961],[83.2479436716683,22.76531651583456],[83.24369024563413,22.76568284755816],[83.24176460801434,22.77356889050556],[83.23460731692565,22.76850077611881],[83.23078381947231,22.77472857371059],[83.23334528392596,22.78336769822111],[83.21808122095872,22.78079977818917],[83.22096267727657,22.78762953279466],[83.2185204856389,22.79115957929788],[83.18874287162684,22.7774501669305],[83.1878854397834,22.78661624960907],[83.1591040516101,22.77335367446242],[83.15712352074335,22.76863140731527]]]},"properties":{"ST_NAME":"Chhattisgarh","DIST_NAME":"Surguja"}},{"type":"Feature","geometry":{"type":"Polygon","coordinates":[[[84.03774032169531,23.17068093580332],[84.03180528805532,23.15815534004973],[84.03713783361835,23.14044895599355],[84.05846952376906,23.12607488012285],[84.06317469622809,23.11306803575011],[84.07239726360066,23.10906129700296],[84.09344486072663,23.11256536704645],[84.10580759248488,23.10502550649913],[84.11509452943787,23.09038118631114],[84.12655009459621,23.08921102114037],[84.13344867048497,23.083004396132],[84.13435101256619,23.07003471292504],[84.12616834090666,23.05804167163807],[84.12548562386989,23.03616616747371],[84.14661862387834,22.99125489234239],[84.14938448114953,22.96565439947267],[84.17181878052482,22.97052511152428],[84.17632957555395,22.97682400758536],[84.17452501591269,22.99773095685431],[84.17910054159496,23.00054792080001],[84.175311008905,23.01040961672673],[84.1805287577189,23.0258704676615],[84.18579364375,23.02775188544443],[84.20155895440551,23.02144222919072],[84.20051078392339,23.00576301323132],[84.21631648242882,22.99003046888003],[84.21926629819129,22.97881936109767],[84.24215229024537,22.98349132115376],[84.25287747658078,22.97288539904202],[84.27688749714505,22.99307336278604],[84.27856073294141,22.98693585112757],[84.2737557924642,22.98389506274699],[84.28328666411028,22.96401064156503],[84.310882293003,22.96928758786447],[84.32880213757787,22.98285792115118],[84.34432299909153,22.97703897351715],[84.35113171881163,22.9795677402642],[84.36623774612048,22.97548885672031],[84.37352216333291,22.97940670864763],[84.37819638917337,22.97529556011814],[84.38442694993378,22.96262768074338],[84.38253056359036,22.95435771490315],[84.39598008363737,22.93920945985652],[84.39312265350297,22.91989936650149],[84.3761974729016,22.90735497720058],[84.37648803816741,22.90188722426639],[84.38374470086525,22.89687681918249],[84.38130036503502,22.87813349237374],[84.3735120634957,22.87298774664905],[84.37204780576799,22.86501037408769],[84.36039735458884,22.86135616049322],[84.3528299213882,22.86574173430483],[84.34445858272314,22.8598415312741],[84.33577077487554,22.86217152832349],[84.32832809481185,22.85507746216192],[84.32374360241741,22.84858632040939],[84.32244793325448,22.83831070142061],[84.32625283628637,22.83759871262456],[84.31594242799619,22.80104784645898],[84.29964983124651,22.79605087562365],[84.29143066712385,22.7821571678421],[84.29181590186816,22.77341009161502],[84.28637155664245,22.76347776815414],[84.27628517318983,22.7691428148782],[84.2603151764053,22.76740364554717],[84.23151094097034,22.74048703340649],[84.23345639530437,22.6989515487203],[84.23881104040059,22.69158891057193],[84.22292964437263,22.66865409069952],[84.19893731196825,22.66567231296148],[84.18837324001608,22.65472671550715],[84.16332057798078,22.64531584084072],[84.15321329422437,22.63682688869809],[84.11227167412481,22.64000558354845],[84.09497687873868,22.63492984611616],[84.08417452848651,22.6381931392886],[84.05404413518517,22.59783314649927],[84.02449142389099,22.59150843066721],[84.02379807934398,22.58499160516632],[84.00931117486302,22.57255555637883],[84.00782253549977,22.55179561595119],[84.00290420376228,22.54555101868506],[84.01229491552623,22.52773416530722],[84.00903435823618,22.52565270762311],[83.99812506046098,22.53443588049414],[83.99542232011095,22.52847034985771],[83.98116654215993,22.52186884516087],[83.98078378464649,22.51557122575239],[83.9746761929942,22.51193558345467],[83.9801544839897,22.5023113005409],[84.01813840999287,22.48939655575166],[84.02675917778635,22.47567283377334],[84.04745373152633,22.46985190841045],[84.04736209030877,22.43866047989324],[84.03065631988056,22.42737359539473],[84.03056611300065,22.4212380873609],[84.01342439698702,22.39826429829716],[84.00592517368385,22.38169402184315],[84.01044089892818,22.37226125333836],[84.00516409120065,22.37433833348727],[83.98324166810701,22.36765930089763],[83.9706873334429,22.35895663033714],[83.95591672033032,22.36179735030743],[83.93335673230173,22.35401917372581],[83.92285138373063,22.35833055074271],[83.90652327710774,22.3513070456679],[83.9010546101793,22.33919260072853],[83.88928681036305,22.33624856273146],[83.87928849980435,22.33519902600868],[83.86470608105847,22.34320740672385],[83.85428420000004,22.33760169000248],[83.85022723668078,22.32521276267699],[83.83056569080765,22.32318672382845],[83.82272792133642,22.31337467475276],[83.82651089930053,22.29301434440561],[83.8023467267423,22.28979835524006],[83.80387749564477,22.29499574119442],[83.79340095632458,22.30046465785454],[83.79602184785702,22.30869437133072],[83.78479793824522,22.3084334403895],[83.7614977119171,22.32508503111619],[83.75853464210431,22.33803893178817],[83.73696015086556,22.37090089107975],[83.73756022549291,22.37714553440902],[83.71194179848678,22.38201292397993],[83.70322908743552,22.37567542910734],[83.69038829946268,22.37558441142985],[83.64807892804869,22.3913845012683],[83.64427240882918,22.40697870543583],[83.63308731912916,22.41999631764411],[83.62000496683895,22.42473327239076],[83.60954845969432,22.43832144548402],[83.5753295654593,22.45991231258816],[83.57371406026063,22.47343363993358],[83.58854271597276,22.50471016816493],[83.59511642147832,22.53368563243041],[83.58301966212619,22.54208281178595],[83.56823732229466,22.54240202533481],[83.54291049141949,22.5164139379921],[83.51322789491942,22.51151078671679],[83.4971095586693,22.50065197571708],[83.49246436828831,22.49214198784994],[83.46068119027883,22.5120717887298],[83.45014409650159,22.52273581703244],[83.4424158484708,22.52312942620798],[83.43701837177332,22.52842874711551],[83.43900658073062,22.531906350556],[83.39653262172597,22.5578946880326],[83.40970009012977,22.57932269288243],[83.40868068743936,22.60664125805469],[83.38744336122498,22.62152955289478],[83.40891096518432,22.62846998907514],[83.41161322816065,22.63852710283426],[83.41684749176314,22.64419393038542],[83.40940492225928,22.65818497863806],[83.42934624465083,22.66234231426712],[83.43506399662084,22.66648015997157],[83.43428537007556,22.6748595304939],[83.45594634649926,22.6705330614479],[83.46099385265666,22.67362900516009],[83.46685356739327,22.66840245228367],[83.5059417973876,22.65915761367894],[83.50572911931269,22.67148184930336],[83.52834679917277,22.67751489088749],[83.55216929648431,22.69625047510426],[83.64275049850329,22.65800425659154],[83.65770964540383,22.63012424400173],[83.67297354666874,22.6230718094426],[83.68688715319581,22.64427741734194],[83.69047365665165,22.66847695376058],[83.68116616743508,22.68093251663444],[83.63738697431452,22.69907589123813],[83.62872733307988,22.71212899799016],[83.63102480369658,22.72821582194834],[83.64419039916288,22.73303239663579],[83.64452705461167,22.73848444430069],[83.65046881594408,22.73714933589406],[83.64718028265487,22.74755775366237],[83.6559768000207,22.74760948789032],[83.65482172760134,22.75634661350348],[83.64742353605526,22.76153050206809],[83.65856396702621,22.77661636478094],[83.65200111575899,22.78315186136261],[83.65436204685088,22.79118552488404],[83.6458103103752,22.82654299633455],[83.63014877345904,22.82565045664287],[83.62053284054824,22.83042864811433],[83.62271435043122,22.84209739950289],[83.59513711778403,22.84914329187248],[83.59591515420568,22.85792659983748],[83.59153985791792,22.86008571195504],[83.59551164050374,22.86901054860296],[83.57846731136073,22.87001709627339],[83.57069516789069,22.87773341023233],[83.56948433493376,22.89046009999964],[83.55739337293473,22.89454846915526],[83.54408987698059,22.91003872483437],[83.53335283151692,22.91473298253751],[83.52223827378164,22.93399306369107],[83.50948393959207,22.94179745972259],[83.50372543537519,22.95348678019984],[83.51221971304159,22.98481211954267],[83.53028545745886,23.00045615934502],[83.54999794125312,23.03333104338257],[83.5248573589545,23.0587353201908],[83.51424167135964,23.05678772632892],[83.49996629900579,23.06386750239361],[83.50184346001814,23.07261314230121],[83.51144294099024,23.08145272311973],[83.5087273564542,23.08996754340658],[83.5175162843181,23.09380538557372],[83.53523584736503,23.11125988886812],[83.53539592846114,23.12019515305466],[83.55611125915468,23.12515796165201],[83.56123634628736,23.1340931091397],[83.56265583485143,23.1476289880627],[83.55435792635238,23.15739895496877],[83.55363624447476,23.17161518272619],[83.55444132759042,23.17502106973124],[83.56920955664985,23.17480303152486],[83.57052583723761,23.18380702992774],[83.56802556878442,23.18793290646518],[83.5750749338363,23.19426256603405],[83.60160625629376,23.19030045099355],[83.61882600588599,23.21746382643714],[83.62659101915132,23.22193031529969],[83.63422895273725,23.21960634463622],[83.65350940559466,23.22947980374289],[83.67217489206577,23.23178570219084],[83.7011025905634,23.22477794880303],[83.69851036909249,23.21263284625103],[83.70904145294341,23.20998278289004],[83.72298385272367,23.21406884374174],[83.71984242290108,23.22420864306004],[83.72641229760076,23.23349286153164],[83.74857732386384,23.24376145865588],[83.76703315537421,23.22887449166967],[83.77998051756036,23.22549393819646],[83.79182733292679,23.25060131427196],[83.8115392544292,23.24301059703541],[83.8266886654571,23.24331569517647],[83.8443557069505,23.2285898626552],[83.85375456746978,23.2278819391772],[83.86414316734466,23.21540847162888],[83.87749501806482,23.21270071257525],[83.88524367215172,23.18826137471375],[83.90729043128042,23.18466736095775],[83.91440931786207,23.17444833833163],[83.92669843330019,23.16791865214452],[83.92598939837909,23.15078985688574],[83.94398268957269,23.15433247807382],[83.94380010139244,23.1656180267146],[83.95961529032158,23.1733352256914],[83.96713654913626,23.17242566825317],[83.9726900554925,23.18446598912466],[84.00152299257738,23.18334425570014],[84.01873312870406,23.1883066159149],[84.03774032169531,23.17068093580332]]]},"properties":{"ST_NAME":"Chhattisgarh","DIST_NAME":"Jashpur"}},{"type":"Feature","geometry":{"type":"MultiPolygon","coordinates":[[[[83.73756022549291,22.37714553440902],[83.73696015086556,22.37090089107975],[83.75853464210431,22.33803893178817],[83.7614977119171,22.32508503111619],[83.78479793824522,22.3084334403895],[83.79602184785702,22.30869437133072],[83.79340095632458,22.30046465785454],[83.80387749564477,22.29499574119442],[83.8023467267423,22.28979835524006],[83.79468554214881,22.28589822276537],[83.79136666378638,22.27595748000362],[83.77895239870263,22.27324054662421],[83.77583931613465,22.25811840876197],[83.759690898522,22.25116033950727],[83.75742816343252,22.24025157965843],[83.7130479709725,22.24274419005602],[83.70393741228263,22.24674592865925],[83.66575588617822,22.23275581654191],[83.65530152791682,22.22006212116759],[83.64950185369403,22.22335914906363],[83.62724609862201,22.20379955855674],[83.61331652723669,22.17771790615078],[83.60921812234054,22.15727106133421],[83.56178180747618,22.09868224147495],[83.60645938468973,22.06677671690552],[83.60182039169563,22.05911387677206],[83.5859549993503,22.04866241908072],[83.58178265603813,22.05458159861317],[83.55061105935047,22.05327275374407],[83.54781408905218,22.05914696303459],[83.53696263953302,22.04453332621053],[83.53691912713379,22.02732177807858],[83.5543072727134,22.00765151147713],[83.54332414499805,21.9937120648627],[83.53784309578874,21.96944301251617],[83.56169973780707,21.94798043272022],[83.55681227611882,21.93625984308093],[83.57285948491491,21.93273379176057],[83.59137439677879,21.92917775850392],[83.60597602542592,21.91426986881865],[83.59867656264322,21.9049766210276],[83.58620776408546,21.90225683547118],[83.58712442725697,21.89423892650308],[83.57786071751822,21.88891890824228],[83.58078640011232,21.88329406396267],[83.57428137975964,21.87478541681183],[83.59093510237307,21.85114337787943],[83.57808098136732,21.83744596463957],[83.57880847385674,21.83234820942469],[83.55162394733276,21.84072087365386],[83.53213758105777,21.83142533453001],[83.53097958491487,21.82637688138824],[83.54004469910976,21.82201608354269],[83.53961157520695,21.79891729996633],[83.5224783324681,21.79945695487637],[83.4924492862235,21.81831295501999],[83.4832965354324,21.79404830997213],[83.46925536554696,21.78747798860478],[83.48189875889223,21.76599361607586],[83.47597000192867,21.75243185797317],[83.48958011694833,21.74494633569175],[83.48526877109593,21.74506246723347],[83.48134869398108,21.7313685478698],[83.46115484162965,21.70922746891878],[83.45943912011636,21.69861591406162],[83.45123239370383,21.69543923799261],[83.43161816390909,21.69981209933964],[83.41878035387572,21.68059627536443],[83.4309789862217,21.67454234460442],[83.44715711285654,21.65799396794502],[83.48657720239024,21.64420087904862],[83.49200478289514,21.63776460864644],[83.4890778029205,21.63072294412813],[83.47356072284019,21.63256423684484],[83.46817550754453,21.61306867106757],[83.46031116920744,21.60791294223504],[83.45227077326166,21.61283848327041],[83.45236093800052,21.622574810046],[83.44394758140237,21.62411666576729],[83.44330533991541,21.63511634493711],[83.45070522419934,21.650744258446],[83.44243537911807,21.65544148777794],[83.42769933547504,21.64361019417925],[83.41481454564558,21.64075660349376],[83.3922634903762,21.62717744026911],[83.38953406945542,21.61780826550598],[83.38284455562173,21.62022583044909],[83.38012123898096,21.60807477626129],[83.36969286698219,21.60038621642903],[83.36777065267212,21.58846940028681],[83.36110695053203,21.58923146047918],[83.35834286557605,21.59433655665985],[83.34163963080576,21.59588732822677],[83.3415210437464,21.59076680715673],[83.33361102946668,21.58946111980498],[83.32414801760346,21.60127861223645],[83.3171174684387,21.59177117821658],[83.30958725147482,21.59623130042713],[83.30407179669803,21.59352045977262],[83.29691317459789,21.60154297370555],[83.290937885071,21.60060721432236],[83.28608684960712,21.58177072094997],[83.28146133171715,21.58167436862608],[83.27580827064745,21.57149081907544],[83.26926020933523,21.572984074591],[83.26884333318297,21.58281875569314],[83.27728011248314,21.5875676320413],[83.27895495266053,21.604243377499],[83.26523655826787,21.60452478610474],[83.26089027749016,21.62981728489993],[83.26812266282418,21.63979751808612],[83.26167158870369,21.65280085953013],[83.24887647340844,21.64612901876763],[83.22920461732767,21.65688610268371],[83.21874691013275,21.65478744795392],[83.23543719208612,21.70179474002414],[83.30323192074904,21.68142488805694],[83.31605571532438,21.68197161042091],[83.31360906465174,21.69803728330748],[83.30873998534449,21.70530455096181],[83.28117196970345,21.70820566631127],[83.26441990960188,21.71472060747246],[83.26435778027879,21.72516746960535],[83.25733327833908,21.7286407963637],[83.26673734190801,21.73572967408641],[83.26614181921968,21.74089577064875],[83.25847581498105,21.75051129789451],[83.24594667688051,21.75262402149328],[83.23646801719407,21.77324306726405],[83.23706180198657,21.79001501949942],[83.22160230934492,21.79326802298002],[83.21951919679175,21.80270535903388],[83.20636624612776,21.81155734960822],[83.20609278564966,21.82204090973432],[83.22074948018273,21.83516588628901],[83.21340848008535,21.84115727900917],[83.18200039197943,21.84580146236346],[83.1790671458991,21.85045881519832],[83.18436480885565,21.86064812101537],[83.20283167595788,21.86775074269306],[83.20449120020507,21.88151674585865],[83.21519970817413,21.88348361112409],[83.21494127661745,21.90646743123706],[83.20100658050478,21.91406228045776],[83.19971938896225,21.92028571757895],[83.18136870623532,21.92663201485219],[83.17251744743197,21.91700142957891],[83.15920607257497,21.92017161179778],[83.14683381486924,21.9157257788613],[83.13538873160444,21.93029588054717],[83.11744356757738,21.93148357904589],[83.09179184724624,21.97497075611508],[83.06277073624786,21.9765859079065],[83.0600935001686,21.96982756630835],[83.05073166989992,21.96654463488157],[83.04061489409894,21.96786647726905],[83.0336130001213,21.96374929573525],[83.0187642117044,21.97011861945137],[83.00512391819692,21.9646892857265],[82.99927942574642,21.97990922245183],[82.99565047743958,21.98387288037803],[82.99702977150987,21.98875163029383],[83.0116579968069,21.98665238528625],[83.01465594331201,21.99336114780924],[83.02044512831709,21.99467072538319],[83.0201425904488,22.00591212259164],[83.01250800949798,22.01080990248438],[83.01812548374127,22.02106810352624],[83.0051620278215,22.02801034267377],[83.02391540024902,22.04256223597675],[83.02195811011967,22.04544290222599],[83.03114745533999,22.05065745221445],[83.03322162219631,22.05699494264374],[83.02872869847491,22.06111501670706],[83.01490005805711,22.05463354087416],[83.01443749382608,22.07719198452768],[82.96844051780974,22.09931937086057],[82.937157601315,22.12212726865082],[82.944263793386,22.1470187036358],[82.96066487775954,22.14362910919026],[82.96281544453923,22.1566000087355],[82.97004827396503,22.165131241256],[82.9902367229762,22.1634585915939],[83.01394602560512,22.16984924139374],[83.03028315972645,22.16887130834471],[83.03840675894533,22.18814567095494],[83.0506208193833,22.19416719497963],[83.04849648144982,22.20263751476131],[83.05088028407523,22.21266464012312],[83.04641461067168,22.22730081064686],[83.02950460194296,22.23934306343522],[83.0365324394577,22.24864847448454],[83.06137274722319,22.26183911613312],[83.05470369909688,22.26608828733615],[83.04981674804972,22.28109834558358],[83.05973436011688,22.2882538733857],[83.06669966919816,22.30326641768562],[83.08030376057214,22.31021746421129],[83.08300229001023,22.32337246005246],[83.0792806493545,22.33434998371723],[83.08677873600539,22.34859627503834],[83.10105170710027,22.35495390923221],[83.10963209526707,22.36596445566136],[83.10065732597926,22.38192726164631],[83.10821870473694,22.38580108857166],[83.10762379531222,22.41377976314266],[83.11361633207518,22.42127385236257],[83.10724227284241,22.42750052042462],[83.09433910388509,22.427845048821],[83.09383659942374,22.43644545059393],[83.08914884728428,22.43872332466974],[83.09530222992544,22.45980627019543],[83.0864667511826,22.46936893948989],[83.08960720545004,22.49170070386072],[83.10305434235038,22.50459683507019],[83.10730957624094,22.51857425905505],[83.10317788760375,22.52600447652857],[83.10688851449505,22.53586121083391],[83.10267586206658,22.55256587225812],[83.09239538412781,22.57614597457405],[83.09212440977801,22.58673156441988],[83.09784666182163,22.59485478470539],[83.09419393874703,22.63083548181914],[83.12248729851649,22.64685467313052],[83.12341988185592,22.65552572818169],[83.11539467651534,22.67124894766591],[83.10160096522272,22.68237777343591],[83.11772504698855,22.68937969484994],[83.12307014956366,22.69967338332904],[83.11736019542569,22.71401243166443],[83.11541713957878,22.72589061881709],[83.13842313108046,22.73539261834692],[83.1515189651467,22.73488884528754],[83.15724890216993,22.74664948943089],[83.15712352074335,22.76863140731527],[83.1591040516101,22.77335367446242],[83.1878854397834,22.78661624960907],[83.18874287162684,22.7774501669305],[83.2185204856389,22.79115957929788],[83.22096267727657,22.78762953279466],[83.21808122095872,22.78079977818917],[83.23334528392596,22.78336769822111],[83.23078381947231,22.77472857371059],[83.23460731692565,22.76850077611881],[83.24176460801434,22.77356889050556],[83.24369024563413,22.76568284755816],[83.2479436716683,22.76531651583456],[83.24573365434985,22.75949925354961],[83.25893850124659,22.76776950360619],[83.26792938137794,22.76447668566452],[83.28625922979593,22.76942840411932],[83.31519309783141,22.75816377989597],[83.32016011036482,22.76606471660177],[83.33311549943643,22.75909418148614],[83.3518278273099,22.72960690663739],[83.3637634495954,22.72980412930471],[83.37184959060019,22.74151264011666],[83.39366183935465,22.73479281843653],[83.39889874895519,22.72651759949259],[83.39165568099925,22.71350225644356],[83.39198058602585,22.69602543594553],[83.38778468089761,22.68801404715763],[83.37639579264369,22.69179148765951],[83.37925102700034,22.66921619321477],[83.38461393634053,22.65309793032805],[83.40513896252375,22.64687390438255],[83.40493126761828,22.63954894405095],[83.41161322816065,22.63852710283426],[83.40891096518432,22.62846998907514],[83.38744336122498,22.62152955289478],[83.40868068743936,22.60664125805469],[83.40970009012977,22.57932269288243],[83.39653262172597,22.5578946880326],[83.43900658073062,22.531906350556],[83.43701837177332,22.52842874711551],[83.4424158484708,22.52312942620798],[83.45014409650159,22.52273581703244],[83.46068119027883,22.5120717887298],[83.49246436828831,22.49214198784994],[83.4971095586693,22.50065197571708],[83.51322789491942,22.51151078671679],[83.54291049141949,22.5164139379921],[83.56823732229466,22.54240202533481],[83.58301966212619,22.54208281178595],[83.59511642147832,22.53368563243041],[83.58854271597276,22.50471016816493],[83.57371406026063,22.47343363993358],[83.5753295654593,22.45991231258816],[83.60954845969432,22.43832144548402],[83.62000496683895,22.42473327239076],[83.63308731912916,22.41999631764411],[83.64427240882918,22.40697870543583],[83.64807892804869,22.3913845012683],[83.69038829946268,22.37558441142985],[83.70322908743552,22.37567542910734],[83.71194179848678,22.38201292397993],[83.73756022549291,22.37714553440902]]],[[[83.00909703805888,22.25318817432886],[83.023424302527,22.22969034743345],[83.00680274186128,22.22456124565599],[82.98804825604894,22.23142350750178],[82.99620680418151,22.24942535637276],[83.00422630793412,22.25705716785161],[83.00909703805888,22.25318817432886]]]]},"properties":{"ST_NAME":"Chhattisgarh","DIST_NAME":"Raigarh"}},{"type":"Feature","geometry":{"type":"Polygon","coordinates":[[[83.00086349059445,21.73455866714846],[83.03384904268945,21.74272329407442],[83.05465639108812,21.73426370142668],[83.0808721470893,21.71571674979194],[83.11944821679766,21.72043543903638],[83.17208196390092,21.71808920519617],[83.23543719208612,21.70179474002414],[83.21874691013275,21.65478744795392],[83.22920461732767,21.65688610268371],[83.24887647340844,21.64612901876763],[83.26167158870369,21.65280085953013],[83.26812266282418,21.63979751808612],[83.26089027749016,21.62981728489993],[83.26523655826787,21.60452478610474],[83.27895495266053,21.604243377499],[83.27728011248314,21.5875676320413],[83.26884333318297,21.58281875569314],[83.26926020933523,21.572984074591],[83.27580827064745,21.57149081907544],[83.28146133171715,21.58167436862608],[83.28608684960712,21.58177072094997],[83.290937885071,21.60060721432236],[83.29691317459789,21.60154297370555],[83.30407179669803,21.59352045977262],[83.30958725147482,21.59623130042713],[83.3171174684387,21.59177117821658],[83.32414801760346,21.60127861223645],[83.33361102946668,21.58946111980498],[83.3415210437464,21.59076680715673],[83.34163963080576,21.59588732822677],[83.35834286557605,21.59433655665985],[83.36110695053203,21.58923146047918],[83.36777065267212,21.58846940028681],[83.3652909984943,21.57589737561944],[83.37337762164117,21.55856585851405],[83.33837747546413,21.49906466820599],[83.34721946775515,21.48841663437773],[83.34660260842766,21.47086829137694],[83.35421523593554,21.44821496540494],[83.37259908484361,21.44325869393454],[83.37581991562145,21.42812141659859],[83.39894130870026,21.40526174147456],[83.40043757815047,21.37497770059173],[83.39684280157988,21.36717566462681],[83.40797251663075,21.3611528403065],[83.40715027145752,21.35198629239627],[83.39158778267945,21.34255885832239],[83.37918505354273,21.34440987319324],[83.32274083397219,21.36225503467681],[83.31136669112085,21.37076505424455],[83.28378197602838,21.38015643008967],[83.26878535257056,21.37841789639714],[83.22193480670492,21.38311427812374],[83.21791526791793,21.39547973823128],[83.20136287060603,21.39966389939421],[83.18828697764596,21.38193664309601],[83.18927254431394,21.39589966262012],[83.17970577271628,21.40231738570254],[83.17350861150616,21.38969243403724],[83.15343803021916,21.3758998287907],[83.15081001519607,21.36632248370774],[83.14312436155997,21.36305461669646],[83.13098898326507,21.3792217799468],[83.13011788084414,21.39823250156825],[83.11892634402071,21.40228442537093],[83.11421136623265,21.41176752449857],[83.11758191133445,21.41669093669389],[83.1236114405915,21.41531867290817],[83.12267204432307,21.42271263204526],[83.10778139716176,21.42892159280679],[83.09463698876927,21.42839886478954],[83.0876249893585,21.43379149461612],[83.05919405274773,21.4362486446898],[83.05096581794385,21.4449678103858],[83.0542281946223,21.461444607704],[83.0459714770393,21.4826077209457],[83.0156269034161,21.49018415180926],[83.01466392967504,21.47174908382139],[83.00538319023791,21.46045798726855],[82.99847491326524,21.45980686273179],[82.98682349395145,21.46603074139505],[82.97771351268327,21.47804392998551],[82.96555327170742,21.471535790614],[82.96270778659769,21.48777082573321],[82.9545112620776,21.49641802123509],[82.94503729672338,21.49232053883049],[82.93440970690979,21.49582851540577],[82.92192456704842,21.48988704223686],[82.89703556705234,21.53566097646991],[82.87583657017878,21.55652158804313],[82.83554332007556,21.54114710252333],[82.82812167886507,21.52860348784285],[82.82066817595262,21.53143722825061],[82.82916657402434,21.5145247766264],[82.825161607042,21.50452297554089],[82.79776010053033,21.51014133782651],[82.7847996566299,21.51231903178871],[82.77079346355212,21.52408535924674],[82.75186707402597,21.51176908712403],[82.73733255490369,21.49511322631996],[82.69110250041238,21.48504178216064],[82.69914958771254,21.43771951900049],[82.69779684780363,21.3882819879254],[82.70306210235448,21.37361538196341],[82.69580850709399,21.33010541949719],[82.65226537623197,21.33102722042693],[82.65585523923,21.33802995678984],[82.65150864237432,21.34557556038691],[82.6331792427975,21.34178224170801],[82.62914181637511,21.33542721535774],[82.61743202218025,21.34258142659906],[82.60683353664533,21.33698406037752],[82.59644650171363,21.33966863753748],[82.56432030060904,21.31587368871357],[82.55720644163004,21.32117017111429],[82.54233364570631,21.31860210325543],[82.53010550139182,21.33165390275298],[82.52692363823951,21.32428104533449],[82.51239534463232,21.316487118624],[82.49206754139567,21.31605571861769],[82.47215240317047,21.32799361731892],[82.46554524525635,21.32365968592343],[82.46006816766125,21.3085336644877],[82.4754348346684,21.29702139039151],[82.4557942173808,21.29459780482038],[82.45528956803953,21.27817326225235],[82.4453030394157,21.27762115218422],[82.43644595331813,21.28907237140227],[82.44491416665576,21.29692828684372],[82.4454348892043,21.30394027014326],[82.41900012683621,21.31057878481497],[82.39567952372764,21.29607418838369],[82.39164227375367,21.26727656513208],[82.38954799743144,21.26234574314876],[82.37921384081667,21.26497363664959],[82.37740780454074,21.27355567718331],[82.36094977338166,21.27671049287453],[82.35853287636237,21.26648028458392],[82.34504345775275,21.26357669931902],[82.34393088017988,21.2726075782472],[82.35189078490941,21.27500214175637],[82.34827971354201,21.28386411870857],[82.34306148740704,21.28602450701822],[82.33770318936443,21.28147753170088],[82.32494219309743,21.29275836005094],[82.31415682928078,21.29245917712403],[82.30971028720501,21.28080154799979],[82.29882198078892,21.28119615074507],[82.29729246371905,21.26898269063028],[82.27720917278087,21.27244595460495],[82.27717098539112,21.30095750647063],[82.26418649383812,21.30162026871925],[82.26108446497221,21.30932467009633],[82.24291978782243,21.31540702939835],[82.25203340079673,21.31801671932729],[82.25517333538785,21.33710167285977],[82.29483840244855,21.35449584462208],[82.3392823472502,21.3834538481413],[82.38621222901625,21.3989837706128],[82.40756493235597,21.39758643858288],[82.46947720967106,21.41026579789166],[82.48947961641454,21.42469504117517],[82.52774134706986,21.43381846813358],[82.5221799608894,21.44221850268047],[82.46187518399758,21.47576351625692],[82.44458939318861,21.4939736960182],[82.45382385651482,21.5208354281436],[82.48710854057074,21.53993721617348],[82.46094627248704,21.5867550857148],[82.48223070807785,21.59823583883664],[82.47040176924536,21.60559174457147],[82.47155387349989,21.62810088133942],[82.48427496205832,21.6363134478416],[82.48491023995767,21.65844952576464],[82.49153111157618,21.6591528736509],[82.50162179293633,21.67485722422471],[82.50617801961921,21.67291853935062],[82.51446003910253,21.68432335243234],[82.517980899299,21.69635391724562],[82.51443796083352,21.70637014138356],[82.52218762607636,21.71818152370787],[82.53323598158703,21.71509656942926],[82.53826664154337,21.73740194773271],[82.55627322202372,21.73315137945353],[82.58180665721548,21.71554082933519],[82.59430057423539,21.71367679122565],[82.6227257388324,21.72891147842831],[82.6321884795311,21.72847641044864],[82.66031406042116,21.70975567860709],[82.69182427176032,21.72711285178526],[82.74103754625467,21.72420569841444],[82.79609583224874,21.72293602685665],[82.87129597471517,21.69323036611691],[82.89500591890135,21.69601833221447],[82.936382207525,21.72168230652892],[82.94891593698675,21.72422247464826],[82.97257140504567,21.72348286334636],[82.99722455964125,21.7324083656968],[83.00086349059445,21.73455866714846]]]},"properties":{"ST_NAME":"Chhattisgarh","DIST_NAME":"Sarangarh-Bilaigarh"}},{"type":"Feature","geometry":{"type":"Polygon","coordinates":[[[82.83292024677515,22.74430183339917],[82.8636908749519,22.75140640620147],[82.87447507086138,22.74648552064357],[82.88896970404632,22.72533017742051],[82.92926809521514,22.69671191459846],[82.94077406958434,22.67844505745732],[82.96689828108565,22.66585347723277],[82.99016596711975,22.66527090145081],[83.00991204701118,22.64902811932591],[83.01406218584026,22.63832001014785],[83.06499109715477,22.66878621421071],[83.08272367511503,22.66858953558991],[83.09314412658553,22.67430408308216],[83.11539467651534,22.67124894766591],[83.12341988185592,22.65552572818169],[83.12248729851649,22.64685467313052],[83.09419393874703,22.63083548181914],[83.09784666182163,22.59485478470539],[83.09212440977801,22.58673156441988],[83.09239538412781,22.57614597457405],[83.10267586206658,22.55256587225812],[83.10688851449505,22.53586121083391],[83.10317788760375,22.52600447652857],[83.10730957624094,22.51857425905505],[83.10305434235038,22.50459683507019],[83.08960720545004,22.49170070386072],[83.0864667511826,22.46936893948989],[83.09530222992544,22.45980627019543],[83.08914884728428,22.43872332466974],[83.09383659942374,22.43644545059393],[83.09433910388509,22.427845048821],[83.10724227284241,22.42750052042462],[83.11361633207518,22.42127385236257],[83.10762379531222,22.41377976314266],[83.10821870473694,22.38580108857166],[83.10065732597926,22.38192726164631],[83.10963209526707,22.36596445566136],[83.10105170710027,22.35495390923221],[83.08677873600539,22.34859627503834],[83.0792806493545,22.33434998371723],[83.08300229001023,22.32337246005246],[83.08030376057214,22.31021746421129],[83.06669966919816,22.30326641768562],[83.05973436011688,22.2882538733857],[83.04981674804972,22.28109834558358],[83.05470369909688,22.26608828733615],[83.06137274722319,22.26183911613312],[83.0365324394577,22.24864847448454],[83.02950460194296,22.23934306343522],[83.04641461067168,22.22730081064686],[83.05088028407523,22.21266464012312],[83.04849648144982,22.20263751476131],[83.0506208193833,22.19416719497963],[83.03840675894533,22.18814567095494],[83.03028315972645,22.16887130834471],[83.01394602560512,22.16984924139374],[82.9902367229762,22.1634585915939],[82.97004827396503,22.165131241256],[82.96281544453923,22.1566000087355],[82.96066487775954,22.14362910919026],[82.944263793386,22.1470187036358],[82.937157601315,22.12212726865082],[82.9012727119373,22.13883460787812],[82.89187370182833,22.16268448884527],[82.86200906250401,22.17210914490284],[82.85070854714165,22.15784674450888],[82.82710527002556,22.15605813701582],[82.80329236917521,22.14111450499368],[82.79650735065448,22.14146793981644],[82.79789116633653,22.13138981254971],[82.7648336325282,22.12272315282293],[82.7532866851086,22.11026856678308],[82.75827895006837,22.09975411413569],[82.74823689337619,22.09633596641408],[82.74282040247098,22.09790913894866],[82.73642132796587,22.08723921659391],[82.7303217833542,22.08760936291462],[82.73340237955412,22.05981074998169],[82.74027161832723,22.04294339056318],[82.73000276954447,22.0387129038596],[82.70984532782771,22.0495327508993],[82.69887631134823,22.08778771737159],[82.68247805876062,22.08974731216998],[82.67256030007965,22.07848762940267],[82.66320075403783,22.09184664024538],[82.64759699086754,22.10063161070734],[82.64727239039098,22.10691564241517],[82.63729441903854,22.11365486503474],[82.63297454849517,22.12537534620693],[82.64495283877065,22.16079129229767],[82.6549510963302,22.16959036279929],[82.66147051212958,22.1879802300559],[82.64720197212355,22.20149828660302],[82.64234189100301,22.21258887864438],[82.64397202169225,22.23926503116043],[82.6318549628793,22.24544484010157],[82.61408510186087,22.25667312390656],[82.59019879623783,22.26220179223644],[82.59212873680447,22.25046362470589],[82.58189983530706,22.23052421672796],[82.56934199676876,22.22051686732063],[82.55942318747974,22.21888524976892],[82.54605506800772,22.20532560585926],[82.5352657458078,22.21318665532617],[82.53517554789222,22.22892424163733],[82.52154778775027,22.24942249984749],[82.50847972805441,22.25468201277135],[82.50221943141702,22.24820122117017],[82.49029195053355,22.24592267502003],[82.47394449652418,22.22449287949245],[82.45782558972319,22.21318480783947],[82.45173673049936,22.22358254305367],[82.43351876524314,22.23013268255825],[82.42730996055961,22.24627197988425],[82.3969381833338,22.26010573644335],[82.39744658752885,22.26753587039631],[82.41476729283393,22.28111201367697],[82.4099091229345,22.28896871009364],[82.39982017660931,22.30513378122472],[82.37921606956284,22.30053299408474],[82.3728656051286,22.31387678913746],[82.35171449851549,22.32769957621233],[82.325461576426,22.32379256208478],[82.31066165712896,22.3004907812942],[82.2978994855878,22.2890548738819],[82.28829166765584,22.28681794544602],[82.262663372986,22.2983051435521],[82.27218346905197,22.3170272904124],[82.26820428585624,22.33491492147165],[82.23756317650754,22.33473111980678],[82.23320381178287,22.32831199320349],[82.21541664654686,22.3392290652407],[82.211636755931,22.32419156986937],[82.2022983005442,22.31130196261267],[82.19942770425193,22.316891525331],[82.1817201223001,22.32545923213667],[82.17473175209524,22.32265034537048],[82.16120357139881,22.33000942034787],[82.15068081045342,22.32972098465184],[82.14094162119947,22.33453358480517],[82.1497587121173,22.33997981751633],[82.15359079747363,22.35245496215383],[82.15383783009423,22.3773138308791],[82.14941596144223,22.38419761990329],[82.166900163001,22.38370996724921],[82.16490936166494,22.39954700195708],[82.18209025597746,22.40997897117735],[82.17097077352166,22.42584297738112],[82.1669294693683,22.44243058646141],[82.13795743686963,22.45443027890163],[82.14411640135742,22.46627340628942],[82.14350111464337,22.48098840218959],[82.16091776294502,22.50157088324394],[82.16510436985598,22.52631172928],[82.15636028469558,22.54419357046749],[82.16735430616991,22.54780478957628],[82.16643739025415,22.55550959387734],[82.18102738920611,22.56014013346562],[82.20752660951194,22.59599714655522],[82.2332587173073,22.59131274574474],[82.23829903644138,22.61017000575708],[82.23944934052942,22.65406277920219],[82.22322500050257,22.66105257002192],[82.20197356132772,22.66056198348871],[82.20212432334716,22.66662237127611],[82.18777039475425,22.67021767530922],[82.1731711700301,22.66620220600932],[82.17223132522273,22.69351630750173],[82.16655937936578,22.69657708345966],[82.16623646984935,22.72443622560556],[82.14870567263743,22.74141640542876],[82.15587471587085,22.76391889677731],[82.15567088187098,22.78648640515686],[82.15903494942748,22.78776047313723],[82.15886692314027,22.81483513356039],[82.15226714147184,22.81595134385082],[82.15527940553667,22.83808083923425],[82.13890641308772,22.84196142744981],[82.13407978697342,22.85290198166242],[82.14116282941063,22.86266714175607],[82.15264303019411,22.86436873708129],[82.15857103172439,22.8847759478975],[82.17283751776202,22.88955997198952],[82.17835765765507,22.90023219096161],[82.19231087715832,22.9099753980767],[82.19339279132116,22.91734477515008],[82.20815695082844,22.92572970474679],[82.21573984346112,22.94493568934917],[82.2223169278604,22.94085184554628],[82.25914916256609,22.93818572350541],[82.2834608611391,22.95981986580981],[82.3068421043888,22.9688005893198],[82.32662701664856,22.96701696537332],[82.33405072445198,22.98378901697236],[82.36170756189681,22.99854367770316],[82.3837097082787,23.00029928543705],[82.39945294796712,22.99693945576762],[82.40880293796035,22.98966811921403],[82.41534270955994,22.97467623088637],[82.45529666118222,22.96696574915107],[82.5614035179441,22.97653799794232],[82.57484134680021,22.96536023805803],[82.5727282971358,22.96110957219932],[82.56439457423677,22.96253794698404],[82.55840193626416,22.95748651089821],[82.57270423664615,22.94884715646986],[82.5734491178394,22.91279593165458],[82.58934312992442,22.90743622589658],[82.59290041779789,22.89739521151484],[82.58883120793736,22.89422052352089],[82.574207810754,22.89718137853604],[82.57684871405488,22.888426387005],[82.56793695452602,22.86758378290679],[82.55599244484976,22.86204111645664],[82.55602718111044,22.84688524648356],[82.57164636032287,22.82978646759229],[82.59809973312187,22.83246093798941],[82.63356459154406,22.81888131977075],[82.63950352479755,22.81114515274583],[82.65189397295194,22.80899787198496],[82.6736055881621,22.81686787625648],[82.69446999443784,22.8332603137229],[82.71292933848386,22.83354097774127],[82.76784116975223,22.78988536731303],[82.76486450149189,22.78034293674065],[82.77299154039557,22.77232584574944],[82.83292024677515,22.74430183339917]],[[83.00909703805888,22.25318817432886],[83.00422630793412,22.25705716785161],[82.99620680418151,22.24942535637276],[82.98804825604894,22.23142350750178],[83.00680274186128,22.22456124565599],[83.023424302527,22.22969034743345],[83.00909703805888,22.25318817432886]]]},"properties":{"ST_NAME":"Chhattisgarh","DIST_NAME":"Korba"}},{"type":"Feature","geometry":{"type":"Polygon","coordinates":[[[82.12239933552613,23.10392257389534],[82.14800909964772,23.07809242667621],[82.15883695895707,23.05467506010151],[82.16624562747964,23.04643994560011],[82.1751237588214,23.04497750869226],[82.18026139848257,23.03506156354149],[82.18493565019942,23.01464446471659],[82.18066931811207,22.99572056449287],[82.17360814387446,22.98854664481862],[82.17708749657176,22.97011327510191],[82.19913049573653,22.95138752365903],[82.21573984346112,22.94493568934917],[82.20815695082844,22.92572970474679],[82.19339279132116,22.91734477515008],[82.19231087715832,22.9099753980767],[82.17835765765507,22.90023219096161],[82.17283751776202,22.88955997198952],[82.15857103172439,22.8847759478975],[82.15264303019411,22.86436873708129],[82.14116282941063,22.86266714175607],[82.13407978697342,22.85290198166242],[82.13890641308772,22.84196142744981],[82.15527940553667,22.83808083923425],[82.15226714147184,22.81595134385082],[82.15886692314027,22.81483513356039],[82.15903494942748,22.78776047313723],[82.15567088187098,22.78648640515686],[82.15587471587085,22.76391889677731],[82.14870567263743,22.74141640542876],[82.16623646984935,22.72443622560556],[82.16655937936578,22.69657708345966],[82.17223132522273,22.69351630750173],[82.1731711700301,22.66620220600932],[82.18777039475425,22.67021767530922],[82.20212432334716,22.66662237127611],[82.20197356132772,22.66056198348871],[82.22322500050257,22.66105257002192],[82.23944934052942,22.65406277920219],[82.23829903644138,22.61017000575708],[82.2332587173073,22.59131274574474],[82.20752660951194,22.59599714655522],[82.18102738920611,22.56014013346562],[82.16643739025415,22.55550959387734],[82.16735430616991,22.54780478957628],[82.15636028469558,22.54419357046749],[82.1487982310032,22.58797280973842],[82.13195359624606,22.61307721262034],[82.08325385503892,22.62090512303123],[82.07646666860185,22.61455812403681],[82.0725078370143,22.58656632055141],[82.06689422187654,22.58531211759336],[81.99623371722726,22.59587744942324],[81.97599932465945,22.60694680943594],[81.99074801654058,22.61456960081008],[82.00704852381534,22.63073042837123],[81.99635173570384,22.63755288585064],[81.9925138609756,22.64943442837738],[81.98020517791382,22.656847240515],[81.98936927823253,22.68321283405074],[81.97754160833232,22.68676542780876],[81.9747398210731,22.68004834327676],[81.9551387161515,22.68176541662678],[81.96279920325526,22.69236729662705],[81.96613431147905,22.72230307737233],[81.95413808896912,22.7312170828379],[81.94174466640649,22.76206645944835],[81.93278508327215,22.76601955706672],[81.93584865757347,22.77227040346357],[81.94712885045058,22.77581046047218],[81.94622632660105,22.77939871584021],[81.9390686651778,22.78980723235389],[81.9261944000608,22.78729931945106],[81.91136482049276,22.78979109948831],[81.8895826383971,22.75041516830486],[81.76910447120389,22.74181512371186],[81.77312952739464,22.75049681970348],[81.78006862698628,22.75122985037741],[81.79429889328983,22.76650877305492],[81.78346098891829,22.7791745053672],[81.78197143561167,22.81058812911715],[81.76962004147033,22.82754842535099],[81.76159201490228,22.83008876910356],[81.77648018062808,22.85146837015939],[81.77573585234894,22.87420998365229],[81.81699760806373,22.88211041936733],[81.83349257534054,22.88073454225039],[81.84202392405514,22.88763330281907],[81.86156962681393,22.88908657902528],[81.86941393587675,22.89433961855831],[81.86609269945556,22.91567543837387],[81.8781713699724,22.9096086204641],[81.91963010253002,22.94686317157903],[81.9463404819274,22.95678034581733],[81.95036873337088,22.98283741096045],[81.94463294530085,22.98900691330125],[81.93663561434376,23.01755948632502],[81.93003729341848,23.02112228761078],[81.9320441474689,23.02614379211838],[81.92501799083107,23.03099989119758],[81.9225914670746,23.04211946638739],[81.92951084100369,23.04983908465731],[81.93045614071045,23.06149902917472],[81.94360759941017,23.0639814890167],[81.94604000540977,23.07461753406414],[81.94286746328054,23.07839390725651],[81.96216831354896,23.07423807845088],[81.96834692251421,23.08039273092338],[81.98171911303959,23.07996224494294],[81.99138486557221,23.08595293004471],[82.00765836081139,23.07933489117708],[82.01855176585669,23.08425106815028],[82.02244862412098,23.07962588506739],[82.03568664575357,23.08078595286876],[82.0549393230324,23.10689411357851],[82.07154310917096,23.11813948521186],[82.09352607141399,23.10879543983547],[82.10995004158396,23.10923117088198],[82.1215073786526,23.10411204524379],[82.12239933552613,23.10392257389534]]]},"properties":{"ST_NAME":"Chhattisgarh","DIST_NAME":"Gaurela-Pendra-Marwahi"}},{"type":"Feature","geometry":{"type":"Polygon","coordinates":[[[82.15636028469558,22.54419357046749],[82.16510436985598,22.52631172928],[82.16091776294502,22.50157088324394],[82.14350111464337,22.48098840218959],[82.14411640135742,22.46627340628942],[82.13795743686963,22.45443027890163],[82.1669294693683,22.44243058646141],[82.17097077352166,22.42584297738112],[82.18209025597746,22.40997897117735],[82.16490936166494,22.39954700195708],[82.166900163001,22.38370996724921],[82.14941596144223,22.38419761990329],[82.15383783009423,22.3773138308791],[82.15359079747363,22.35245496215383],[82.1497587121173,22.33997981751633],[82.14094162119947,22.33453358480517],[82.15068081045342,22.32972098465184],[82.16120357139881,22.33000942034787],[82.17473175209524,22.32265034537048],[82.1817201223001,22.32545923213667],[82.19942770425193,22.316891525331],[82.2022983005442,22.31130196261267],[82.211636755931,22.32419156986937],[82.21541664654686,22.3392290652407],[82.23320381178287,22.32831199320349],[82.23756317650754,22.33473111980678],[82.26820428585624,22.33491492147165],[82.27218346905197,22.3170272904124],[82.262663372986,22.2983051435521],[82.28829166765584,22.28681794544602],[82.2978994855878,22.2890548738819],[82.31066165712896,22.3004907812942],[82.325461576426,22.32379256208478],[82.35171449851549,22.32769957621233],[82.3728656051286,22.31387678913746],[82.37921606956284,22.30053299408474],[82.39982017660931,22.30513378122472],[82.4099091229345,22.28896871009364],[82.41476729283393,22.28111201367697],[82.39744658752885,22.26753587039631],[82.3969381833338,22.26010573644335],[82.42730996055961,22.24627197988425],[82.43351876524314,22.23013268255825],[82.45173673049936,22.22358254305367],[82.45782558972319,22.21318480783947],[82.45605700874327,22.1985945053779],[82.47203477552259,22.18807647934791],[82.43144012327811,22.16117677384724],[82.42547069505578,22.13939048185485],[82.39336540880359,22.12843990652669],[82.3684979970511,22.13842809757951],[82.35717937516239,22.13568895231509],[82.35011003431545,22.12747812437244],[82.34398171218783,22.12833904114116],[82.333563101105,22.10504983679375],[82.33636238394966,22.07522337201637],[82.32670434329323,22.05029407880084],[82.33093373207437,22.01342823286071],[82.32039500373538,22.00345900061283],[82.32453516251533,21.96532180019952],[82.3303446677781,21.96230162193258],[82.31038504971751,21.9243220582365],[82.31024733398421,21.91249461948416],[82.30560865781874,21.90765562387861],[82.31558685754389,21.90252672779645],[82.30999807714774,21.8962355809269],[82.31583677549817,21.87727875875819],[82.32861512785871,21.8657094585502],[82.35298227935938,21.85503067519021],[82.38307945962997,21.76065859462801],[82.3910780055747,21.76628920071693],[82.3994877964249,21.76111773878038],[82.41096557424278,21.76214770551487],[82.4216353643233,21.7481310399331],[82.43796163922222,21.73990950304068],[82.41360381243244,21.71916659929005],[82.392660589727,21.71269719322203],[82.32635418406075,21.71433660200295],[82.31297986653212,21.71670024329979],[82.30317678577762,21.72389661846404],[82.29008496841656,21.7522232536315],[82.24747535394607,21.75407750402487],[82.22043448858611,21.75729222390534],[82.20094635187475,21.76107440958655],[82.19015974683721,21.77175080829493],[82.18167840895823,21.7983716732148],[82.18688585290668,21.82699187664548],[82.18020070590656,21.84273196742897],[82.16018324376657,21.84720688151529],[82.12282038900773,21.83171901062264],[82.09890237171093,21.85554046122606],[82.06463794794372,21.87083540849087],[82.05098386166954,21.88178667627694],[82.0391788379706,21.88350211210173],[82.03195303728008,21.87999924279031],[82.02857943658853,21.86444477630935],[82.02099573178496,21.85743700191907],[81.99823822367283,21.85364849091983],[81.97209262807763,21.85725835922917],[81.94538216705469,21.84929390489548],[81.93927926799265,21.82792202345865],[81.92791759759288,21.81815612725085],[81.91390553295712,21.82857218853827],[81.91234209788695,21.83754060004802],[81.88513720899591,21.84437687983961],[81.89152070469576,21.87149706481502],[81.88577099891315,21.87391119053733],[81.89157887148042,21.88774721094156],[81.87678947769183,21.89705282396934],[81.86639941094954,21.8955205963185],[81.8604682191772,21.88624645326062],[81.84874193981743,21.89310148382751],[81.84981086119517,21.90169940919727],[81.84378955992992,21.90160811597158],[81.82896795485838,21.89675506299165],[81.83268790134034,21.88471542271681],[81.82694879491756,21.88248147761222],[81.80721747967164,21.88797999716428],[81.81521116201715,21.91843119236454],[81.78665587592738,21.93321254495417],[81.79116135554932,21.95147149781358],[81.7787651994972,21.95131108793126],[81.7633156725496,21.97359961277081],[81.76404460514347,21.99225185462954],[81.75796457318141,22.00175074985198],[81.75759772075563,22.01873081979415],[81.76569635999502,22.02497307413457],[81.78758567973667,22.02658423093613],[81.78839140076505,22.020512426279],[81.806110142193,22.02069741382069],[81.83208169976028,22.03657728238184],[81.83950642132078,22.02942395278337],[81.84808431513356,22.03390188045042],[81.86187513132599,22.01909299199136],[81.87572419545234,22.02167788278174],[81.90330242243387,22.01247956030312],[81.93878861661337,22.01564181491449],[81.95928463892557,22.0073829174289],[81.95596686164988,22.01076704315621],[81.95993854014355,22.01577561891103],[81.94256179501579,22.05330077282578],[81.93370624454553,22.05455817501271],[81.91998320773547,22.07272225443304],[81.91117526178815,22.07251245915536],[81.89960799448374,22.08403227129079],[81.88439709164594,22.11017331819843],[81.84161710077672,22.14827202318111],[81.83554487213232,22.16210590217981],[81.81345778231046,22.18432067543107],[81.79160372279593,22.23178862609973],[81.76247449228389,22.23969468625537],[81.74402501952676,22.2568287301176],[81.74699211995896,22.25931471934396],[81.7351929032521,22.27672351629042],[81.72772573759025,22.27515901744166],[81.72752423395673,22.31390438119329],[81.73375765373561,22.31689137599847],[81.73983641005788,22.31380644574741],[81.75147885747693,22.30161197380879],[81.75758592101019,22.3120684665706],[81.76434854128685,22.31339565658831],[81.77340295646702,22.29898599347095],[81.79391416016891,22.29861038476286],[81.79632743115323,22.28702794113689],[81.8088326676564,22.28758979099352],[81.82719068966556,22.30115399200529],[81.8246681819913,22.27313734508999],[81.83615446223908,22.27287181663745],[81.84037760382066,22.28332738368781],[81.8366929812987,22.29024630597358],[81.84305915839526,22.30021856371895],[81.83587004651328,22.30761022592645],[81.83674609235953,22.31421651418442],[81.8451009922623,22.3242553648505],[81.85781962451865,22.32997801298741],[81.86869340560001,22.32742400954508],[81.88270365057595,22.31909029543422],[81.89504863403245,22.31861842543715],[81.9029031030253,22.30247863489903],[81.9134907184162,22.30153000640779],[81.92227808539451,22.31663962889818],[81.9157715124048,22.32801251357832],[81.9202964037549,22.34181266896669],[81.90731155608937,22.36441097297301],[81.9185646990789,22.36767652529359],[81.94517736082196,22.34915199616856],[81.95167563843258,22.35983343271333],[81.95732562276139,22.36072126722116],[81.95766148976308,22.37053980353403],[81.94319515004783,22.39621129812522],[81.90084468492448,22.43656615183008],[81.8914637232549,22.45609813611632],[81.89303331896325,22.47021289697689],[81.88427451340324,22.49359577798217],[81.84185204138427,22.51234797557207],[81.82592982663472,22.52414494021999],[81.81650171517153,22.54630135326176],[81.81116915481297,22.59545715577994],[81.79874538433626,22.59612010869893],[81.7886371795769,22.5842109433165],[81.77800236241981,22.607047310123],[81.7487195321498,22.60125398406607],[81.74892890496795,22.6110160268538],[81.73149819506824,22.62848629140289],[81.72994491740126,22.64407567603143],[81.71776186628519,22.65210041994279],[81.72780949278622,22.67528397792029],[81.7422098507484,22.67371868026947],[81.75214666721342,22.65438652231757],[81.74713923250948,22.6494409222881],[81.75115466470426,22.64394405374075],[81.77250427878356,22.66822001247044],[81.77288661506574,22.68446431220871],[81.76130536846894,22.6971915209915],[81.75331567765777,22.72372777686311],[81.75540505677536,22.73362209798324],[81.77002764186206,22.73544967755918],[81.76910447120389,22.74181512371186],[81.8895826383971,22.75041516830486],[81.91136482049276,22.78979109948831],[81.9261944000608,22.78729931945106],[81.9390686651778,22.78980723235389],[81.94622632660105,22.77939871584021],[81.94712885045058,22.77581046047218],[81.93584865757347,22.77227040346357],[81.93278508327215,22.76601955706672],[81.94174466640649,22.76206645944835],[81.95413808896912,22.7312170828379],[81.96613431147905,22.72230307737233],[81.96279920325526,22.69236729662705],[81.9551387161515,22.68176541662678],[81.9747398210731,22.68004834327676],[81.97754160833232,22.68676542780876],[81.98936927823253,22.68321283405074],[81.98020517791382,22.656847240515],[81.9925138609756,22.64943442837738],[81.99635173570384,22.63755288585064],[82.00704852381534,22.63073042837123],[81.99074801654058,22.61456960081008],[81.97599932465945,22.60694680943594],[81.99623371722726,22.59587744942324],[82.06689422187654,22.58531211759336],[82.0725078370143,22.58656632055141],[82.07646666860185,22.61455812403681],[82.08325385503892,22.62090512303123],[82.13195359624606,22.61307721262034],[82.1487982310032,22.58797280973842],[82.15636028469558,22.54419357046749]]]},"properties":{"ST_NAME":"Chhattisgarh","DIST_NAME":"Bilaspur"}},{"type":"Feature","geometry":{"type":"Polygon","coordinates":[[[81.479032433219,22.49166018869722],[81.48693486054836,22.49010824725085],[81.48808009261262,22.50065380106389],[81.49735721466591,22.51150281755879],[81.49702445470854,22.51978089161056],[81.50944368621279,22.52610068962945],[81.51839503868396,22.52004146400352],[81.52235276712008,22.53906604488471],[81.53559593222433,22.53714851957982],[81.54625980923011,22.52759889903454],[81.56989377383367,22.53238872124125],[81.56304029867087,22.53432322315826],[81.56276998495544,22.54442231979037],[81.56961803854881,22.55071411494844],[81.59144583102683,22.54547150024229],[81.59863481508349,22.53557731076169],[81.62272187437262,22.53863152673484],[81.62873360670865,22.54452955752596],[81.6242509352798,22.5558244808322],[81.62917549318435,22.56350825355569],[81.63492014771589,22.56526232880907],[81.63626147922548,22.56014193763134],[81.64255858838295,22.55967359210408],[81.65989639536652,22.56951659757554],[81.6551806414536,22.57636505506466],[81.657757032126,22.58443386450671],[81.65145462047943,22.58087710736897],[81.64490144031892,22.58629855369809],[81.64925512484464,22.58912143197836],[81.64560799230135,22.60504097862855],[81.64860237601786,22.6153183720562],[81.66068829165194,22.61927736046117],[81.66288255650176,22.62743739573239],[81.6845797170947,22.64776966789012],[81.6994656581104,22.64477314852874],[81.71776186628519,22.65210041994279],[81.72994491740126,22.64407567603143],[81.73149819506824,22.62848629140289],[81.74892890496795,22.6110160268538],[81.7487195321498,22.60125398406607],[81.77800236241981,22.607047310123],[81.7886371795769,22.5842109433165],[81.79874538433626,22.59612010869893],[81.81116915481297,22.59545715577994],[81.81650171517153,22.54630135326176],[81.82592982663472,22.52414494021999],[81.84185204138427,22.51234797557207],[81.88427451340324,22.49359577798217],[81.89303331896325,22.47021289697689],[81.8914637232549,22.45609813611632],[81.90084468492448,22.43656615183008],[81.94319515004783,22.39621129812522],[81.95766148976308,22.37053980353403],[81.95732562276139,22.36072126722116],[81.95167563843258,22.35983343271333],[81.94517736082196,22.34915199616856],[81.9185646990789,22.36767652529359],[81.90731155608937,22.36441097297301],[81.9202964037549,22.34181266896669],[81.9157715124048,22.32801251357832],[81.92227808539451,22.31663962889818],[81.9134907184162,22.30153000640779],[81.9029031030253,22.30247863489903],[81.89504863403245,22.31861842543715],[81.88270365057595,22.31909029543422],[81.86869340560001,22.32742400954508],[81.85781962451865,22.32997801298741],[81.8451009922623,22.3242553648505],[81.83674609235953,22.31421651418442],[81.83587004651328,22.30761022592645],[81.84305915839526,22.30021856371895],[81.8366929812987,22.29024630597358],[81.84037760382066,22.28332738368781],[81.83615446223908,22.27287181663745],[81.8246681819913,22.27313734508999],[81.82719068966556,22.30115399200529],[81.8088326676564,22.28758979099352],[81.79632743115323,22.28702794113689],[81.79391416016891,22.29861038476286],[81.77340295646702,22.29898599347095],[81.76434854128685,22.31339565658831],[81.75758592101019,22.3120684665706],[81.75147885747693,22.30161197380879],[81.73983641005788,22.31380644574741],[81.73375765373561,22.31689137599847],[81.72752423395673,22.31390438119329],[81.72772573759025,22.27515901744166],[81.7351929032521,22.27672351629042],[81.74699211995896,22.25931471934396],[81.74402501952676,22.2568287301176],[81.76247449228389,22.23969468625537],[81.79160372279593,22.23178862609973],[81.81345778231046,22.18432067543107],[81.83554487213232,22.16210590217981],[81.84161710077672,22.14827202318111],[81.88439709164594,22.11017331819843],[81.89960799448374,22.08403227129079],[81.91117526178815,22.07251245915536],[81.91998320773547,22.07272225443304],[81.93370624454553,22.05455817501271],[81.94256179501579,22.05330077282578],[81.95993854014355,22.01577561891103],[81.95596686164988,22.01076704315621],[81.95928463892557,22.0073829174289],[81.93878861661337,22.01564181491449],[81.90330242243387,22.01247956030312],[81.87572419545234,22.02167788278174],[81.86187513132599,22.01909299199136],[81.84808431513356,22.03390188045042],[81.83950642132078,22.02942395278337],[81.83208169976028,22.03657728238184],[81.806110142193,22.02069741382069],[81.78839140076505,22.020512426279],[81.78758567973667,22.02658423093613],[81.76569635999502,22.02497307413457],[81.75759772075563,22.01873081979415],[81.75796457318141,22.00175074985198],[81.76404460514347,21.99225185462954],[81.7633156725496,21.97359961277081],[81.7787651994972,21.95131108793126],[81.76388486233728,21.95816889585553],[81.75926059052853,21.95220157658865],[81.75006889568735,21.9558200980944],[81.74461670544882,21.94912609657596],[81.72758209108234,21.94368391743731],[81.71522183072534,21.95353064495328],[81.7058371214372,21.9524149405949],[81.70560859475829,21.95974597544659],[81.6677779848387,21.96268865377238],[81.65814303500773,21.96806562373871],[81.66324554641604,21.98466402839031],[81.65744562418388,21.98815796143571],[81.6477397708411,21.99243420500523],[81.6329213487271,21.99109864084064],[81.6266679109156,21.98576520947498],[81.61570268674593,21.9884024155201],[81.6169281574729,22.00267299718023],[81.61099781866398,22.00493600171188],[81.60714174217928,22.01742392689763],[81.58489976223188,22.0188531937786],[81.58064068230746,22.02522962780784],[81.57343205012782,22.01740821563518],[81.58625637870088,22.01674439612037],[81.59149441712829,22.0108353346968],[81.5897865232681,21.98793366789011],[81.58417977259873,21.98819444169644],[81.57984318061122,21.98205433297597],[81.57212890740458,21.99656239036606],[81.55782877462183,21.99527845728904],[81.55718823641574,22.00267266519171],[81.53988880103954,22.00790444071022],[81.52685530341296,22.0048011685282],[81.52036090255773,22.00767327648524],[81.51180987909223,21.9994143712742],[81.50107550352449,22.00435675501341],[81.50303385166325,22.01115643270119],[81.51700192411265,22.02591131790426],[81.51613450155072,22.03560599064901],[81.51023837653669,22.03841749580512],[81.51137752955913,22.04605446943204],[81.52329087868837,22.05445541072119],[81.53341644914713,22.07764950290185],[81.52128121575136,22.10095364353157],[81.5187781599967,22.1370951181002],[81.53238704899148,22.13833461642928],[81.53816619296423,22.15027118181671],[81.53373676491792,22.15999237491895],[81.54445572529512,22.18739788216979],[81.54120852486534,22.20830331798096],[81.54879333310122,22.22639704773106],[81.54962972735537,22.24776163496041],[81.53744505357658,22.26741389861483],[81.54004093548424,22.27529520990477],[81.53269590071034,22.27968692090785],[81.52613909751162,22.29816596547872],[81.54015234059426,22.30596998102509],[81.55493000091914,22.33429773237264],[81.54281590616361,22.33906948202905],[81.53193773516398,22.35292604069263],[81.5197835524264,22.37335804578012],[81.52079128999024,22.38845041908398],[81.50651499692393,22.39392830545199],[81.492039536887,22.41281564438799],[81.49028871128083,22.4225524865414],[81.49530669837725,22.43317519494822],[81.47866113914554,22.45081369338001],[81.47523141610051,22.47872318314927],[81.479032433219,22.49166018869722]]]},"properties":{"ST_NAME":"Chhattisgarh","DIST_NAME":"Mungeli"}},{"type":"Feature","geometry":{"type":"Polygon","coordinates":[[[82.45782558972319,22.21318480783947],[82.47394449652418,22.22449287949245],[82.49029195053355,22.24592267502003],[82.50221943141702,22.24820122117017],[82.50847972805441,22.25468201277135],[82.52154778775027,22.24942249984749],[82.53517554789222,22.22892424163733],[82.5352657458078,22.21318665532617],[82.54605506800772,22.20532560585926],[82.55942318747974,22.21888524976892],[82.56934199676876,22.22051686732063],[82.58189983530706,22.23052421672796],[82.59212873680447,22.25046362470589],[82.59019879623783,22.26220179223644],[82.61408510186087,22.25667312390656],[82.6318549628793,22.24544484010157],[82.64397202169225,22.23926503116043],[82.64234189100301,22.21258887864438],[82.64720197212355,22.20149828660302],[82.66147051212958,22.1879802300559],[82.6549510963302,22.16959036279929],[82.64495283877065,22.16079129229767],[82.63297454849517,22.12537534620693],[82.63729441903854,22.11365486503474],[82.64727239039098,22.10691564241517],[82.64759699086754,22.10063161070734],[82.64696622439679,22.09441381679833],[82.6313435497781,22.09263180004119],[82.62498835536245,22.08480606928004],[82.62542976943845,22.06552392725789],[82.63117090716838,22.0426437731325],[82.64206759401488,22.04436071590362],[82.6504187231158,22.03844301579104],[82.66862504491323,22.04274069451478],[82.67429212177348,22.03472324782758],[82.67575678482953,22.00926718800888],[82.65767963692196,22.00056764558521],[82.6556179537918,21.99440011330862],[82.66722637716676,21.98103225269956],[82.68814631493285,21.93957938002516],[82.69761783973277,21.93124722364172],[82.71378627985581,21.89385894384234],[82.7171878610929,21.83225235440871],[82.72381313857822,21.82141743417858],[82.73223343477733,21.79904326866355],[82.72943987807132,21.77226649430737],[82.737746983416,21.75634957771423],[82.74103754625467,21.72420569841444],[82.69182427176032,21.72711285178526],[82.66031406042116,21.70975567860709],[82.6321884795311,21.72847641044864],[82.6227257388324,21.72891147842831],[82.59430057423539,21.71367679122565],[82.58180665721548,21.71554082933519],[82.55627322202372,21.73315137945353],[82.53826664154337,21.73740194773271],[82.47221638425053,21.72698347710563],[82.45157069081898,21.74418135045566],[82.4434386056025,21.74459888217554],[82.43796163922222,21.73990950304068],[82.4216353643233,21.7481310399331],[82.41096557424278,21.76214770551487],[82.3994877964249,21.76111773878038],[82.3910780055747,21.76628920071693],[82.38307945962997,21.76065859462801],[82.35298227935938,21.85503067519021],[82.32861512785871,21.8657094585502],[82.31583677549817,21.87727875875819],[82.30999807714774,21.8962355809269],[82.31558685754389,21.90252672779645],[82.30560865781874,21.90765562387861],[82.31024733398421,21.91249461948416],[82.31038504971751,21.9243220582365],[82.3303446677781,21.96230162193258],[82.32453516251533,21.96532180019952],[82.32039500373538,22.00345900061283],[82.33093373207437,22.01342823286071],[82.32670434329323,22.05029407880084],[82.33636238394966,22.07522337201637],[82.333563101105,22.10504983679375],[82.34398171218783,22.12833904114116],[82.35011003431545,22.12747812437244],[82.35717937516239,22.13568895231509],[82.3684979970511,22.13842809757951],[82.39336540880359,22.12843990652669],[82.42547069505578,22.13939048185485],[82.43144012327811,22.16117677384724],[82.47203477552259,22.18807647934791],[82.45605700874327,22.1985945053779],[82.45782558972319,22.21318480783947]]]},"properties":{"ST_NAME":"Chhattisgarh","DIST_NAME":"Janjgir-Champa"}},{"type":"Feature","geometry":{"type":"Polygon","coordinates":[[[82.937157601315,22.12212726865082],[82.96844051780974,22.09931937086057],[83.01443749382608,22.07719198452768],[83.01490005805711,22.05463354087416],[83.02872869847491,22.06111501670706],[83.03322162219631,22.05699494264374],[83.03114745533999,22.05065745221445],[83.02195811011967,22.04544290222599],[83.02391540024902,22.04256223597675],[83.0051620278215,22.02801034267377],[83.01812548374127,22.02106810352624],[83.01250800949798,22.01080990248438],[83.0201425904488,22.00591212259164],[83.02044512831709,21.99467072538319],[83.01465594331201,21.99336114780924],[83.0116579968069,21.98665238528625],[82.99702977150987,21.98875163029383],[82.99565047743958,21.98387288037803],[82.99927942574642,21.97990922245183],[83.00512391819692,21.9646892857265],[83.0187642117044,21.97011861945137],[83.0336130001213,21.96374929573525],[83.04061489409894,21.96786647726905],[83.05073166989992,21.96654463488157],[83.0600935001686,21.96982756630835],[83.06277073624786,21.9765859079065],[83.09179184724624,21.97497075611508],[83.11744356757738,21.93148357904589],[83.13538873160444,21.93029588054717],[83.14683381486924,21.9157257788613],[83.15920607257497,21.92017161179778],[83.17251744743197,21.91700142957891],[83.18136870623532,21.92663201485219],[83.19971938896225,21.92028571757895],[83.20100658050478,21.91406228045776],[83.21494127661745,21.90646743123706],[83.21519970817413,21.88348361112409],[83.20449120020507,21.88151674585865],[83.20283167595788,21.86775074269306],[83.18436480885565,21.86064812101537],[83.1790671458991,21.85045881519832],[83.18200039197943,21.84580146236346],[83.21340848008535,21.84115727900917],[83.22074948018273,21.83516588628901],[83.20609278564966,21.82204090973432],[83.20636624612776,21.81155734960822],[83.21951919679175,21.80270535903388],[83.22160230934492,21.79326802298002],[83.23706180198657,21.79001501949942],[83.23646801719407,21.77324306726405],[83.24594667688051,21.75262402149328],[83.25847581498105,21.75051129789451],[83.26614181921968,21.74089577064875],[83.26673734190801,21.73572967408641],[83.25733327833908,21.7286407963637],[83.26435778027879,21.72516746960535],[83.26441990960188,21.71472060747246],[83.28117196970345,21.70820566631127],[83.30873998534449,21.70530455096181],[83.31360906465174,21.69803728330748],[83.31605571532438,21.68197161042091],[83.30323192074904,21.68142488805694],[83.23543719208612,21.70179474002414],[83.17208196390092,21.71808920519617],[83.11944821679766,21.72043543903638],[83.0808721470893,21.71571674979194],[83.05465639108812,21.73426370142668],[83.03384904268945,21.74272329407442],[83.00086349059445,21.73455866714846],[82.99722455964125,21.7324083656968],[82.97257140504567,21.72348286334636],[82.94891593698675,21.72422247464826],[82.936382207525,21.72168230652892],[82.89500591890135,21.69601833221447],[82.87129597471517,21.69323036611691],[82.79609583224874,21.72293602685665],[82.74103754625467,21.72420569841444],[82.737746983416,21.75634957771423],[82.72943987807132,21.77226649430737],[82.73223343477733,21.79904326866355],[82.72381313857822,21.82141743417858],[82.7171878610929,21.83225235440871],[82.71378627985581,21.89385894384234],[82.69761783973277,21.93124722364172],[82.68814631493285,21.93957938002516],[82.66722637716676,21.98103225269956],[82.6556179537918,21.99440011330862],[82.65767963692196,22.00056764558521],[82.67575678482953,22.00926718800888],[82.67429212177348,22.03472324782758],[82.66862504491323,22.04274069451478],[82.6504187231158,22.03844301579104],[82.64206759401488,22.04436071590362],[82.63117090716838,22.0426437731325],[82.62542976943845,22.06552392725789],[82.62498835536245,22.08480606928004],[82.6313435497781,22.09263180004119],[82.64696622439679,22.09441381679833],[82.64759699086754,22.10063161070734],[82.66320075403783,22.09184664024538],[82.67256030007965,22.07848762940267],[82.68247805876062,22.08974731216998],[82.69887631134823,22.08778771737159],[82.70984532782771,22.0495327508993],[82.73000276954447,22.0387129038596],[82.74027161832723,22.04294339056318],[82.73340237955412,22.05981074998169],[82.7303217833542,22.08760936291462],[82.73642132796587,22.08723921659391],[82.74282040247098,22.09790913894866],[82.74823689337619,22.09633596641408],[82.75827895006837,22.09975411413569],[82.7532866851086,22.11026856678308],[82.7648336325282,22.12272315282293],[82.79789116633653,22.13138981254971],[82.79650735065448,22.14146793981644],[82.80329236917521,22.14111450499368],[82.82710527002556,22.15605813701582],[82.85070854714165,22.15784674450888],[82.86200906250401,22.17210914490284],[82.89187370182833,22.16268448884527],[82.9012727119373,22.13883460787812],[82.937157601315,22.12212726865082]]]},"properties":{"ST_NAME":"Chhattisgarh","DIST_NAME":"Sakti"}},{"type":"Feature","geometry":{"type":"Polygon","coordinates":[[[82.93440970690979,21.49582851540577],[82.94503729672338,21.49232053883049],[82.9545112620776,21.49641802123509],[82.96270778659769,21.48777082573321],[82.96555327170742,21.471535790614],[82.97771351268327,21.47804392998551],[82.98682349395145,21.46603074139505],[82.99847491326524,21.45980686273179],[83.00538319023791,21.46045798726855],[83.01466392967504,21.47174908382139],[83.0156269034161,21.49018415180926],[83.0459714770393,21.4826077209457],[83.0542281946223,21.461444607704],[83.05096581794385,21.4449678103858],[83.05919405274773,21.4362486446898],[83.0876249893585,21.43379149461612],[83.09463698876927,21.42839886478954],[83.10778139716176,21.42892159280679],[83.12267204432307,21.42271263204526],[83.1236114405915,21.41531867290817],[83.11758191133445,21.41669093669389],[83.11421136623265,21.41176752449857],[83.11892634402071,21.40228442537093],[83.13011788084414,21.39823250156825],[83.13098898326507,21.3792217799468],[83.14312436155997,21.36305461669646],[83.15081001519607,21.36632248370774],[83.15343803021916,21.3758998287907],[83.17350861150616,21.38969243403724],[83.17970577271628,21.40231738570254],[83.18927254431394,21.39589966262012],[83.18828697764596,21.38193664309601],[83.20136287060603,21.39966389939421],[83.21791526791793,21.39547973823128],[83.22193480670492,21.38311427812374],[83.26878535257056,21.37841789639714],[83.27401980129444,21.37720044342154],[83.27440870398063,21.36356231527428],[83.26868763285144,21.34579146625747],[83.25808391698514,21.33668112728437],[83.25742822038816,21.33357646082762],[83.26636770319496,21.33075251772192],[83.25722116107745,21.3203509393697],[83.26204961116086,21.30746064223373],[83.27618645826942,21.30211267777515],[83.2784369662714,21.28914722852052],[83.27074727108038,21.27232803063779],[83.26717563855264,21.27760286961252],[83.2499678616521,21.28213124584373],[83.2362652789379,21.26952838076069],[83.22961235799285,21.2721661479241],[83.22203834261053,21.2660009731241],[83.21733062365085,21.25472177041709],[83.2223790719797,21.22886511691906],[83.21835909635982,21.22790864241904],[83.21711536275726,21.21381379403363],[83.21025597141437,21.20463387734075],[83.21447104781909,21.19488392917534],[83.20282224777965,21.17726407695829],[83.20429653232706,21.16574701589998],[83.19829160429721,21.16362139363169],[83.19806902832035,21.14557196647753],[83.1916544385525,21.13868822144951],[83.17687024553787,21.13555932078685],[83.16666460650043,21.13835987280436],[83.131590035243,21.10580880656883],[83.11262181870099,21.11280679379546],[83.07785586881074,21.11201367060499],[83.05244999512612,21.12615488332009],[83.04542619720714,21.12390847195685],[83.03391921012636,21.13199449696635],[83.03496127405039,21.13671162088969],[83.02332308276428,21.1366326026888],[83.0160880243307,21.1464477261642],[83.00425154081336,21.13684403450366],[82.99050240330114,21.139683821829],[82.98600136212343,21.15119531196325],[82.99345466111367,21.16191751329295],[83.00376078766342,21.16678965749752],[83.00130756604337,21.17052527919227],[82.98053290780472,21.17023208157511],[82.98852294261151,21.18279127709443],[82.97546417256942,21.18217272429372],[82.9655833782437,21.17545576422297],[82.9650637732456,21.19327815228998],[82.9441488634828,21.17814270409975],[82.94795571425225,21.16203417364069],[82.94010810314506,21.16101391032387],[82.93769238633685,21.16992343722213],[82.93285162492015,21.16312918260026],[82.91506884017164,21.16198491810744],[82.90271676205309,21.16718187097769],[82.89726680847544,21.16211060839183],[82.88218263086809,21.14844317613667],[82.87648443533685,21.16373054067474],[82.8716228140225,21.15753480286534],[82.8669746346251,21.16286794232278],[82.85228298080823,21.15978013304284],[82.85112185165742,21.16870180908799],[82.82851540365884,21.16554354652034],[82.80043412351812,21.15601925798427],[82.79395010930325,21.1425661596082],[82.76358981540523,21.16413227366928],[82.7387574468241,21.16469561622006],[82.72136824603429,21.16640387274985],[82.71900909354163,21.15892846560449],[82.7011153019489,21.15763521187546],[82.69299675892924,21.16576444433003],[82.66300582993114,21.15483866521674],[82.64104966405935,21.15489243966904],[82.6372879456663,21.1443627676373],[82.6527468821247,21.12872998584857],[82.64000441254902,21.11932949006303],[82.641428499795,21.11149430444336],[82.64942125260784,21.10672896930359],[82.6364166540024,21.09228339705455],[82.62923178099132,21.07954445708041],[82.61502898720518,21.07877525767469],[82.61088125864302,21.07419695374815],[82.62815879115477,21.0383857462028],[82.61326225363561,21.02283604366068],[82.61130475533639,21.01295026529773],[82.57283365633859,20.97456478362775],[82.5595302955074,20.94840065233487],[82.54159916046302,20.93602058974426],[82.52798569197806,20.93478814184531],[82.51787863953223,20.922557064902],[82.50425745303747,20.91951960705236],[82.48768956492071,20.90802107733252],[82.49105691326832,20.88064638141556],[82.4866709587,20.86166772135588],[82.48107017358527,20.85132537672012],[82.4653739035785,20.84297483218391],[82.46877573195142,20.83519551424337],[82.46443462827291,20.82904762373958],[82.45468666162667,20.82757936488178],[82.43932823816345,20.83565589711235],[82.4199434689138,20.83158382459817],[82.4100893194003,20.84230812133821],[82.41285812469799,20.85088333024666],[82.40543928429425,20.87020899786285],[82.39555585809357,20.87004792655669],[82.38966540711053,20.87533267354737],[82.37590404207403,20.8679943054318],[82.3645974799822,20.87068959539857],[82.35946573057798,20.87382355522754],[82.36374616034372,20.88850616047715],[82.35118459870944,20.88976053914268],[82.346146580278,20.87396174015414],[82.33755335515677,20.87036758174505],[82.31792602115858,20.88626563077371],[82.31669558495518,20.89457536593058],[82.3035576925647,20.89358489739523],[82.29476804089643,20.90235338065769],[82.27748041481448,20.9077741699028],[82.27081206503823,20.91933258670295],[82.27158134144165,20.93518018908608],[82.26746180937275,20.94186112493424],[82.24912375475091,20.94010115855285],[82.2428583107681,20.94734379361988],[82.22579444425973,20.95228701315494],[82.22110577803961,20.95047953142471],[82.22598070276997,20.93810707480831],[82.21975861745084,20.93460243440764],[82.20680898583421,20.94256601957472],[82.19818577277749,20.93981343056822],[82.18990898005723,20.95045537336848],[82.18651583312652,20.96680110881542],[82.17223611085731,20.97359529470316],[82.17118551588872,20.99419050066784],[82.16071597717054,21.01674886292163],[82.12791336845186,21.01607875253702],[82.1095359884128,21.0257246762013],[82.09463448510611,21.02529084990579],[82.08358749909269,21.03101463641376],[82.0666392330019,21.04569124131664],[82.06009844077091,21.0621631509103],[82.03075560320619,21.05605881406261],[82.0200410280848,21.05940453715063],[82.00715209754307,21.07430185928884],[81.99579470329083,21.07628669006216],[81.98779843040634,21.08406902893913],[81.99115309184933,21.10538261349095],[81.99747719874094,21.13887496759002],[82.01236077108717,21.15415811890794],[82.01699008237668,21.17460501369163],[82.01670044633535,21.20997570653613],[82.0363963016349,21.24284594368711],[82.06505636541578,21.26722533495017],[82.0921888400429,21.28214894246082],[82.11828861368586,21.2882356736524],[82.13885144301392,21.3050537816002],[82.16464327483472,21.33237605701623],[82.19728035867158,21.38296540852034],[82.23360897566035,21.43390032723195],[82.25219389945191,21.43260059744058],[82.24656831335578,21.42720839848121],[82.24761157412728,21.41888366010451],[82.27200070084932,21.40568782293912],[82.27655550227267,21.39245215955719],[82.27486944931323,21.38547352310282],[82.25619040698116,21.38284711315506],[82.24328260632959,21.36496922603953],[82.25602243045361,21.35330607615893],[82.25218329400319,21.34501521609784],[82.25517333538785,21.33710167285977],[82.25203340079673,21.31801671932729],[82.24291978782243,21.31540702939835],[82.26108446497221,21.30932467009633],[82.26418649383812,21.30162026871925],[82.27717098539112,21.30095750647063],[82.27720917278087,21.27244595460495],[82.29729246371905,21.26898269063028],[82.29882198078892,21.28119615074507],[82.30971028720501,21.28080154799979],[82.31415682928078,21.29245917712403],[82.32494219309743,21.29275836005094],[82.33770318936443,21.28147753170088],[82.34306148740704,21.28602450701822],[82.34827971354201,21.28386411870857],[82.35189078490941,21.27500214175637],[82.34393088017988,21.2726075782472],[82.34504345775275,21.26357669931902],[82.35853287636237,21.26648028458392],[82.36094977338166,21.27671049287453],[82.37740780454074,21.27355567718331],[82.37921384081667,21.26497363664959],[82.38954799743144,21.26234574314876],[82.39164227375367,21.26727656513208],[82.39567952372764,21.29607418838369],[82.41900012683621,21.31057878481497],[82.4454348892043,21.30394027014326],[82.44491416665576,21.29692828684372],[82.43644595331813,21.28907237140227],[82.4453030394157,21.27762115218422],[82.45528956803953,21.27817326225235],[82.4557942173808,21.29459780482038],[82.4754348346684,21.29702139039151],[82.46006816766125,21.3085336644877],[82.46554524525635,21.32365968592343],[82.47215240317047,21.32799361731892],[82.49206754139567,21.31605571861769],[82.51239534463232,21.316487118624],[82.52692363823951,21.32428104533449],[82.53010550139182,21.33165390275298],[82.54233364570631,21.31860210325543],[82.55720644163004,21.32117017111429],[82.56432030060904,21.31587368871357],[82.59644650171363,21.33966863753748],[82.60683353664533,21.33698406037752],[82.61743202218025,21.34258142659906],[82.62914181637511,21.33542721535774],[82.6331792427975,21.34178224170801],[82.65150864237432,21.34557556038691],[82.65585523923,21.33802995678984],[82.65226537623197,21.33102722042693],[82.69580850709399,21.33010541949719],[82.70306210235448,21.37361538196341],[82.69779684780363,21.3882819879254],[82.69914958771254,21.43771951900049],[82.69110250041238,21.48504178216064],[82.73733255490369,21.49511322631996],[82.75186707402597,21.51176908712403],[82.77079346355212,21.52408535924674],[82.7847996566299,21.51231903178871],[82.79776010053033,21.51014133782651],[82.825161607042,21.50452297554089],[82.82916657402434,21.5145247766264],[82.82066817595262,21.53143722825061],[82.82812167886507,21.52860348784285],[82.83554332007556,21.54114710252333],[82.87583657017878,21.55652158804313],[82.89703556705234,21.53566097646991],[82.92192456704842,21.48988704223686],[82.93440970690979,21.49582851540577]]]},"properties":{"ST_NAME":"Chhattisgarh","DIST_NAME":"Mahasamund"}},{"type":"Feature","geometry":{"type":"Polygon","coordinates":[[[82.43796163922222,21.73990950304068],[82.4434386056025,21.74459888217554],[82.45157069081898,21.74418135045566],[82.47221638425053,21.72698347710563],[82.53826664154337,21.73740194773271],[82.53323598158703,21.71509656942926],[82.52218762607636,21.71818152370787],[82.51443796083352,21.70637014138356],[82.517980899299,21.69635391724562],[82.51446003910253,21.68432335243234],[82.50617801961921,21.67291853935062],[82.50162179293633,21.67485722422471],[82.49153111157618,21.6591528736509],[82.48491023995767,21.65844952576464],[82.48427496205832,21.6363134478416],[82.47155387349989,21.62810088133942],[82.47040176924536,21.60559174457147],[82.48223070807785,21.59823583883664],[82.46094627248704,21.5867550857148],[82.48710854057074,21.53993721617348],[82.45382385651482,21.5208354281436],[82.44458939318861,21.4939736960182],[82.46187518399758,21.47576351625692],[82.5221799608894,21.44221850268047],[82.52774134706986,21.43381846813358],[82.48947961641454,21.42469504117517],[82.46947720967106,21.41026579789166],[82.40756493235597,21.39758643858288],[82.38621222901625,21.3989837706128],[82.3392823472502,21.3834538481413],[82.29483840244855,21.35449584462208],[82.25517333538785,21.33710167285977],[82.25218329400319,21.34501521609784],[82.25602243045361,21.35330607615893],[82.24328260632959,21.36496922603953],[82.25619040698116,21.38284711315506],[82.27486944931323,21.38547352310282],[82.27655550227267,21.39245215955719],[82.27200070084932,21.40568782293912],[82.24761157412728,21.41888366010451],[82.24656831335578,21.42720839848121],[82.25219389945191,21.43260059744058],[82.23360897566035,21.43390032723195],[82.19728035867158,21.38296540852034],[82.16751977378142,21.38273674522801],[82.14276315233711,21.36293749733755],[82.12205312416778,21.36706402895728],[82.11079472037376,21.38611979298303],[82.11145465655014,21.40980433540612],[82.09898886226307,21.41319229983296],[82.07486758979567,21.43118405912901],[82.03395236105293,21.44344856612123],[82.02633070789392,21.45234601423237],[82.00652187460614,21.45251137259758],[81.98509018575277,21.46132843466486],[81.9841958955919,21.46979191692432],[81.97672153420588,21.4727976729471],[81.97239473115347,21.48448360464834],[81.95509613116751,21.48644167762717],[81.92517073326015,21.48939496689459],[81.92328327235093,21.49308408397298],[81.89412643978598,21.48815452526603],[81.89398436098952,21.51367687310748],[81.86014331671797,21.4947038202725],[81.86106290616276,21.48744874534803],[81.85632216638926,21.48445815798287],[81.83580313999947,21.48636718338532],[81.82355011115645,21.49641354003337],[81.81560440839861,21.46879520540433],[81.78326337881356,21.47882128056973],[81.76975813904147,21.47769917734611],[81.76522040636866,21.46347951365142],[81.75462195446775,21.46289430595615],[81.75369258615278,21.45058279825211],[81.74003798015207,21.43266890562808],[81.73267797875117,21.42965155197279],[81.71764819224555,21.43339445465733],[81.71069541625762,21.44491118678078],[81.70490178537182,21.44467444829783],[81.7002222794531,21.43642254940783],[81.67845600034362,21.44511238030967],[81.6738932800983,21.46089085056443],[81.66304212672597,21.46856439705937],[81.66164453708804,21.48167428190054],[81.62794851086049,21.47177123974753],[81.62818924008816,21.50804928173965],[81.64428868386157,21.52109122938205],[81.6432817757361,21.54569623621378],[81.66762418336573,21.54828970548354],[81.66639833743974,21.56773668730442],[81.68067093859457,21.57435914137235],[81.69805616594073,21.6112799140295],[81.6923544116477,21.62549607509133],[81.65875141265626,21.65156473866612],[81.65991921348059,21.66158501172994],[81.67087506806176,21.66179807855309],[81.6732568401992,21.6690576939538],[81.68205757299418,21.67470435077646],[81.70963275223941,21.67863705974773],[81.72310140548954,21.68742172022625],[81.72656630583735,21.70822535346845],[81.69762060047115,21.74826039469314],[81.70055863216336,21.76136767994621],[81.71993380541191,21.76074927938939],[81.73441154494441,21.76530378882761],[81.73947649686004,21.75503445317701],[81.75236626358083,21.76184626554066],[81.76156025203075,21.77327835053609],[81.7741933822593,21.76694041057557],[81.79525983887875,21.77676109595144],[81.80616957981621,21.76471640939673],[81.83567327913426,21.76219072463422],[81.8502848550283,21.77293985956941],[81.88691561485764,21.78370821096709],[81.92791759759288,21.81815612725085],[81.93927926799265,21.82792202345865],[81.94538216705469,21.84929390489548],[81.97209262807763,21.85725835922917],[81.99823822367283,21.85364849091983],[82.02099573178496,21.85743700191907],[82.02857943658853,21.86444477630935],[82.03195303728008,21.87999924279031],[82.0391788379706,21.88350211210173],[82.05098386166954,21.88178667627694],[82.06463794794372,21.87083540849087],[82.09890237171093,21.85554046122606],[82.12282038900773,21.83171901062264],[82.16018324376657,21.84720688151529],[82.18020070590656,21.84273196742897],[82.18688585290668,21.82699187664548],[82.18167840895823,21.7983716732148],[82.19015974683721,21.77175080829493],[82.20094635187475,21.76107440958655],[82.22043448858611,21.75729222390534],[82.24747535394607,21.75407750402487],[82.29008496841656,21.7522232536315],[82.30317678577762,21.72389661846404],[82.31297986653212,21.71670024329979],[82.32635418406075,21.71433660200295],[82.392660589727,21.71269719322203],[82.41360381243244,21.71916659929005],[82.43796163922222,21.73990950304068]]]},"properties":{"ST_NAME":"Chhattisgarh","DIST_NAME":"Baloda Bazar-Bhatapara"}},{"type":"Feature","geometry":{"type":"Polygon","coordinates":[[[81.95509613116751,21.48644167762717],[81.97239473115347,21.48448360464834],[81.97672153420588,21.4727976729471],[81.9841958955919,21.46979191692432],[81.98509018575277,21.46132843466486],[82.00652187460614,21.45251137259758],[82.02633070789392,21.45234601423237],[82.03395236105293,21.44344856612123],[82.07486758979567,21.43118405912901],[82.09898886226307,21.41319229983296],[82.11145465655014,21.40980433540612],[82.11079472037376,21.38611979298303],[82.12205312416778,21.36706402895728],[82.14276315233711,21.36293749733755],[82.16751977378142,21.38273674522801],[82.19728035867158,21.38296540852034],[82.16464327483472,21.33237605701623],[82.13885144301392,21.3050537816002],[82.11828861368586,21.2882356736524],[82.0921888400429,21.28214894246082],[82.06505636541578,21.26722533495017],[82.0363963016349,21.24284594368711],[82.01670044633535,21.20997570653613],[82.01699008237668,21.17460501369163],[82.01236077108717,21.15415811890794],[81.99747719874094,21.13887496759002],[81.99115309184933,21.10538261349095],[81.96461731983038,21.06222554138419],[81.92205303252572,21.02382507161663],[81.87366977408675,20.96465858801217],[81.85850884804385,20.95866807442895],[81.85392261430596,20.94264880582394],[81.83393903401975,20.94076285620585],[81.82448428019241,20.94898017322873],[81.81484025169864,20.94637219657549],[81.81199880023243,20.95196371214657],[81.81517236634228,20.95838375866615],[81.80543886882879,20.9663650788721],[81.78941633567433,20.9643977891483],[81.77970947904463,20.96913954123107],[81.7739688305622,20.98229449087503],[81.7622163922569,20.98580861461946],[81.76301924466784,20.99147183128426],[81.75166295752992,21.00188963314099],[81.74870594665276,21.01149540633895],[81.7171444558427,21.01095834856165],[81.713774849089,21.01868609658105],[81.70774779765821,21.01835936466659],[81.7008892558511,21.00554294770599],[81.68519652806394,21.00050415103782],[81.68230497711893,20.99561566236233],[81.6745575087114,21.00076424411847],[81.65540786246657,20.9997393495533],[81.64854717506017,21.00985845034053],[81.63875026684214,21.00906238779828],[81.61085887773537,21.02717458386661],[81.58582223615335,21.04574516335642],[81.60796348280503,21.05949121340283],[81.60346947549435,21.06786240683034],[81.59241183743734,21.06697945278921],[81.57727634609083,21.07404182386975],[81.57491221725962,21.08992747249009],[81.58160971332778,21.12369806529751],[81.59361129994167,21.14200684614871],[81.60463365386055,21.1473677747613],[81.60269356033255,21.15865806518669],[81.62533543547652,21.16137985881622],[81.60574646975114,21.19231375399724],[81.6016485283658,21.20729959044704],[81.57468554940722,21.2226662597969],[81.56213305329331,21.24117629245764],[81.55139679552491,21.23971614106932],[81.54251414154366,21.24752600637851],[81.54584464013946,21.27045305946374],[81.53754929615243,21.28788189965797],[81.53441355400157,21.30017629017042],[81.54941452850304,21.30413717147539],[81.55578386422118,21.33493878186103],[81.58342285156681,21.33310422250233],[81.59644445314514,21.34374203530775],[81.59367075197568,21.35145219287918],[81.59280909548158,21.357357160964],[81.61152576564845,21.36654154802302],[81.60937874489164,21.38629398334154],[81.62383889789962,21.38730171116294],[81.63891973749286,21.40528661055683],[81.63072939451965,21.41552891829203],[81.62847030212681,21.43611935682571],[81.63183637634828,21.44541930106373],[81.62301742060781,21.46217266261663],[81.62794851086049,21.47177123974753],[81.66164453708804,21.48167428190054],[81.66304212672597,21.46856439705937],[81.6738932800983,21.46089085056443],[81.67845600034362,21.44511238030967],[81.7002222794531,21.43642254940783],[81.70490178537182,21.44467444829783],[81.71069541625762,21.44491118678078],[81.71764819224555,21.43339445465733],[81.73267797875117,21.42965155197279],[81.74003798015207,21.43266890562808],[81.75369258615278,21.45058279825211],[81.75462195446775,21.46289430595615],[81.76522040636866,21.46347951365142],[81.76975813904147,21.47769917734611],[81.78326337881356,21.47882128056973],[81.81560440839861,21.46879520540433],[81.82355011115645,21.49641354003337],[81.83580313999947,21.48636718338532],[81.85632216638926,21.48445815798287],[81.86106290616276,21.48744874534803],[81.86014331671797,21.4947038202725],[81.89398436098952,21.51367687310748],[81.89412643978598,21.48815452526603],[81.92328327235093,21.49308408397298],[81.92517073326015,21.48939496689459],[81.95509613116751,21.48644167762717]]]},"properties":{"ST_NAME":"Chhattisgarh","DIST_NAME":"Raipur"}},{"type":"Feature","geometry":{"type":"Polygon","coordinates":[[[81.99115309184933,21.10538261349095],[81.98779843040634,21.08406902893913],[81.99579470329083,21.07628669006216],[82.00715209754307,21.07430185928884],[82.0200410280848,21.05940453715063],[82.03075560320619,21.05605881406261],[82.06009844077091,21.0621631509103],[82.0666392330019,21.04569124131664],[82.08358749909269,21.03101463641376],[82.09463448510611,21.02529084990579],[82.1095359884128,21.0257246762013],[82.12791336845186,21.01607875253702],[82.16071597717054,21.01674886292163],[82.17118551588872,20.99419050066784],[82.17223611085731,20.97359529470316],[82.18651583312652,20.96680110881542],[82.18990898005723,20.95045537336848],[82.19818577277749,20.93981343056822],[82.20680898583421,20.94256601957472],[82.21975861745084,20.93460243440764],[82.22598070276997,20.93810707480831],[82.22110577803961,20.95047953142471],[82.22579444425973,20.95228701315494],[82.2428583107681,20.94734379361988],[82.24912375475091,20.94010115855285],[82.26746180937275,20.94186112493424],[82.27158134144165,20.93518018908608],[82.27081206503823,20.91933258670295],[82.27748041481448,20.9077741699028],[82.29476804089643,20.90235338065769],[82.3035576925647,20.89358489739523],[82.31669558495518,20.89457536593058],[82.31792602115858,20.88626563077371],[82.33755335515677,20.87036758174505],[82.346146580278,20.87396174015414],[82.33933011163515,20.82578710998905],[82.34609846528498,20.79765339469261],[82.3417054333895,20.76777765549133],[82.34775261618437,20.75113866184776],[82.35354061278335,20.7359396025146],[82.3455493377653,20.73161146110652],[82.35399938826959,20.71968633067228],[82.35040104014931,20.70635818838455],[82.36033434805493,20.68357513233236],[82.36703874310443,20.680211327999],[82.37380535164502,20.66742178952816],[82.36846481121259,20.64924794033806],[82.37648700304051,20.6324298942083],[82.36450434069843,20.62220461176675],[82.36224975862348,20.60992872697722],[82.34712319301211,20.60256171405104],[82.3440741336461,20.59290498401219],[82.35062800117264,20.58129043316803],[82.34334002325518,20.57154256831982],[82.33350518737271,20.56872213567086],[82.33222125064614,20.56192480988133],[82.34859979131099,20.54668626089179],[82.35763448533724,20.52934428659172],[82.3896253989021,20.51769345534664],[82.38832899487292,20.49538019226788],[82.39201848312392,20.47871043120086],[82.39777309671459,20.4730725969347],[82.39604607497877,20.45959184039783],[82.40854024199196,20.46326149279414],[82.41596766961649,20.4816687112816],[82.42363342912637,20.47514528548906],[82.42704354446357,20.46907964197264],[82.42571848748545,20.44535066257703],[82.43396988208434,20.44568672971582],[82.4378505228049,20.43441322315751],[82.42964561166593,20.42788934214889],[82.43195311680357,20.41688961869333],[82.41659502648417,20.4076732701627],[82.42115961406802,20.39287158614017],[82.4003628957119,20.34160118454985],[82.40885907038901,20.32779810718674],[82.4210243160158,20.32413293410773],[82.4307547498677,20.31404985662545],[82.42996941001988,20.30100667896085],[82.43779928641202,20.29443259784046],[82.43285821959346,20.28183271626279],[82.41233010509669,20.26706106558397],[82.41137097803856,20.26013333608201],[82.42231335804512,20.24799005175148],[82.41061190960497,20.24266319971678],[82.41506236307963,20.22683253482455],[82.42245831349051,20.22084122323651],[82.42060145194533,20.20493993884674],[82.4134527120817,20.19937202216221],[82.41156802712861,20.18150966104271],[82.38998782891953,20.16371863751095],[82.39412858176017,20.1526475057416],[82.38578235867223,20.14646127142358],[82.39765457950985,20.12379655744479],[82.40141722647962,20.09609123496808],[82.40147757205193,20.08104255663803],[82.3958199574321,20.06899763420931],[82.39827538718605,20.05819847130585],[82.44799123709433,20.04068794324109],[82.46065671565991,20.04192007071478],[82.46999633148613,20.03593989656157],[82.47855275222605,20.03819780747615],[82.49371533755311,20.02439099307755],[82.50810214799957,20.01863187248119],[82.55045033840894,20.01803144418956],[82.58326736726909,20.00320532827685],[82.59533818397892,19.99182810980711],[82.62047440210414,19.9924368571943],[82.63296123236945,20.0042470758516],[82.64167309284976,20.00657186058932],[82.71215434924696,19.99743273350055],[82.7180496210228,19.98953628319061],[82.71456277122232,19.95868398580615],[82.71852947990361,19.95057420618439],[82.70746923921864,19.90162932788547],[82.71400737201758,19.87780328177361],[82.7243512108471,19.87581560334628],[82.71790545081956,19.85312423774321],[82.71130640767423,19.85086894068151],[82.71157370619237,19.84023257153518],[82.70531800191252,19.83298929484375],[82.69601190509172,19.830665756893],[82.65149294477044,19.8322900490003],[82.6468844737025,19.81884399978013],[82.63674646218386,19.81318378720075],[82.62653304615657,19.79337183105669],[82.60359431673896,19.78823713347584],[82.60259532539654,19.78171402748834],[82.59445555450316,19.77554004862019],[82.58324148955921,19.77860726869182],[82.58160929819138,19.78298036677585],[82.58446184374033,19.80262087917334],[82.57582647424253,19.80793787517201],[82.5792508908306,19.83021056599603],[82.57580378712498,19.82907876403958],[82.57547507859572,19.83390414845312],[82.58391263269216,19.84398600225395],[82.58826801599356,19.84343133516378],[82.58720796158957,19.84858476799041],[82.60341071169356,19.86691661607575],[82.59636137618942,19.87307875505607],[82.5830124873009,19.86962239595389],[82.57211887550213,19.87796474432107],[82.56117902644607,19.87450863785291],[82.55616686827598,19.88087604039519],[82.54872944904403,19.87578400809425],[82.53499142245795,19.88703795339512],[82.53122982500302,19.87857195632761],[82.51929161277549,19.89095754738918],[82.50494228361312,19.89035204708844],[82.50093762066885,19.90296312450653],[82.48279452851986,19.90705596910121],[82.46451349165883,19.90047685393898],[82.44604150171416,19.90920924478975],[82.43648130121018,19.90406034776308],[82.41817753037336,19.9029077636365],[82.39451880428967,19.88749833113822],[82.375644386514,19.86004836709681],[82.36085461164257,19.86297250274691],[82.36491418165437,19.85182899777284],[82.3440428210622,19.83586923252961],[82.33243393452369,19.84360380345336],[82.32510929789655,19.8624262883741],[82.30241940843827,19.88990599767189],[82.3005505423038,19.90492182766361],[82.27811010597127,19.94371932339133],[82.26879570234237,19.97643109676042],[82.23824561784917,20.00255585095295],[82.2171823340373,19.9969805712035],[82.21053347986566,19.9861661242272],[82.18496035568205,19.98361051802701],[82.17151161770936,20.0056133522767],[82.16183082963865,20.01013320691408],[82.15452243703643,20.00780996558359],[82.13721313140766,20.01948042797319],[82.12471887279332,20.01644118499801],[82.10704276291689,20.02707344943999],[82.10207647952784,20.04022543679916],[82.08965848753724,20.03840206527119],[82.0857751044549,20.05057188760086],[82.06485738958952,20.05666557599246],[82.05841929846022,20.04210173650182],[82.03804458389914,20.02966271478762],[82.03995088194529,20.02264054289385],[82.0329709291165,20.01561827058286],[82.02108644561115,20.02337263338111],[82.01752475494449,20.04831341180367],[82.03114045732853,20.07675527469101],[82.0351046428522,20.09960857932925],[82.04466165377012,20.09629489148776],[82.06870818128793,20.1063413366671],[82.09274167449301,20.10129273004876],[82.10539516396834,20.10581694482318],[82.11296875826173,20.11430555745709],[82.11444203766584,20.13434913018469],[82.13769104140268,20.14847124666782],[82.13236816052971,20.15695672311328],[82.13401583139108,20.18363529687677],[82.14848379293726,20.2178391695985],[82.16440163907555,20.23012228570227],[82.16296256787544,20.23795372568907],[82.18052272722049,20.2571684585782],[82.16058508673517,20.26526939406065],[82.15594695178673,20.26953982897329],[82.15684663143091,20.27756098036051],[82.1459620344468,20.28674553800072],[82.10877489993545,20.29055655071631],[82.09543051446832,20.32355938640733],[82.0856572059586,20.3303213429451],[82.08908784978652,20.34457293486931],[82.08100331763133,20.36616335449412],[82.0859116418324,20.38056871943025],[82.0806435540319,20.39164587130241],[82.08529754333507,20.41098906675742],[82.07350681536431,20.43060224771157],[82.06190116668401,20.43630800349246],[82.06362977557602,20.44569147574289],[82.05204528922825,20.46303931392724],[82.05617669516057,20.47643811617743],[82.04832966183987,20.49030673697479],[82.0484598132783,20.49922356022208],[82.04038808007819,20.50354183816248],[82.033536656614,20.52081774592864],[82.02064909147947,20.52822103162851],[82.01755908061045,20.5771162051204],[81.99687292206534,20.62769002428449],[81.99483824526996,20.63965418224723],[82.01221616112731,20.67383334202269],[81.98304883802875,20.70193179719016],[81.9845838597601,20.71904607004082],[81.98104576494416,20.7243016617338],[81.93607377079928,20.73929835804675],[81.92435008386816,20.7484944783154],[81.9225798449254,20.76841580676639],[81.90927923027267,20.78681440975819],[81.92416793479897,20.81314835105069],[81.90456452011281,20.83389389169347],[81.88861002694829,20.87617944602793],[81.89230799874538,20.89908792931425],[81.8770543114412,20.91860185276105],[81.87366977408675,20.96465858801217],[81.92205303252572,21.02382507161663],[81.96461731983038,21.06222554138419],[81.99115309184933,21.10538261349095]]]},"properties":{"ST_NAME":"Chhattisgarh","DIST_NAME":"Gariaband"}},{"type":"Feature","geometry":{"type":"MultiPolygon","coordinates":[[[[81.90456452011281,20.83389389169347],[81.92416793479897,20.81314835105069],[81.90927923027267,20.78681440975819],[81.9225798449254,20.76841580676639],[81.92435008386816,20.7484944783154],[81.93607377079928,20.73929835804675],[81.98104576494416,20.7243016617338],[81.9845838597601,20.71904607004082],[81.98304883802875,20.70193179719016],[82.01221616112731,20.67383334202269],[81.99483824526996,20.63965418224723],[81.99687292206534,20.62769002428449],[82.01755908061045,20.5771162051204],[82.02064909147947,20.52822103162851],[82.033536656614,20.52081774592864],[82.04038808007819,20.50354183816248],[82.0484598132783,20.49922356022208],[82.04832966183987,20.49030673697479],[82.05617669516057,20.47643811617743],[82.05204528922825,20.46303931392724],[82.06362977557602,20.44569147574289],[82.06190116668401,20.43630800349246],[82.07350681536431,20.43060224771157],[82.08529754333507,20.41098906675742],[82.0806435540319,20.39164587130241],[82.0859116418324,20.38056871943025],[82.08100331763133,20.36616335449412],[82.08908784978652,20.34457293486931],[82.0856572059586,20.3303213429451],[82.09543051446832,20.32355938640733],[82.10877489993545,20.29055655071631],[82.1459620344468,20.28674553800072],[82.15684663143091,20.27756098036051],[82.15594695178673,20.26953982897329],[82.16058508673517,20.26526939406065],[82.18052272722049,20.2571684585782],[82.16296256787544,20.23795372568907],[82.16440163907555,20.23012228570227],[82.14848379293726,20.2178391695985],[82.13401583139108,20.18363529687677],[82.13236816052971,20.15695672311328],[82.13769104140268,20.14847124666782],[82.11444203766584,20.13434913018469],[82.11296875826173,20.11430555745709],[82.10539516396834,20.10581694482318],[82.09274167449301,20.10129273004876],[82.06870818128793,20.1063413366671],[82.04466165377012,20.09629489148776],[82.0351046428522,20.09960857932925],[82.03114045732853,20.07675527469101],[82.01752475494449,20.04831341180367],[82.01176391976952,20.054019210305],[81.99239993024045,20.0571029186477],[81.97935921112723,20.08059521281684],[81.94713130604599,20.10714775173363],[81.92766217829104,20.09185413394285],[81.8952572214937,20.04822394422046],[81.87935065521158,20.05081628600876],[81.86958076888833,20.0558630189606],[81.868219997817,20.08946005720265],[81.8452827768115,20.11269791509093],[81.84511332607542,20.16547355689603],[81.82373514565565,20.17109246416744],[81.81191684911894,20.16949231527085],[81.8106976209892,20.19090051286741],[81.79928777243413,20.21523849133993],[81.78435048602475,20.21088903333398],[81.78065047757111,20.22843680583025],[81.77429108283768,20.23190670056321],[81.78434935363278,20.26126508827861],[81.79907763569268,20.2569558737902],[81.79945797179083,20.26476464078882],[81.79099829241781,20.27577426787279],[81.78738876295918,20.29023226008931],[81.77217153627423,20.28036267919573],[81.7617021046023,20.28485205235666],[81.75862321437982,20.29294169871922],[81.7615717971315,20.31003108512984],[81.77331073425074,20.31157095627569],[81.7758802143951,20.32073957086623],[81.79290800639563,20.32191001215436],[81.79456837565594,20.32671018509434],[81.78384869437112,20.34323889423338],[81.78149981789174,20.3557067792748],[81.7712004240689,20.35228728610514],[81.76263130712474,20.35598699740487],[81.76674049026133,20.38786432862966],[81.75166319984022,20.3951538507462],[81.73319499591088,20.42580095220809],[81.73952397136009,20.46372837714701],[81.73105528699976,20.47166682000402],[81.73411375054155,20.4822061923522],[81.69059968794117,20.48205550208173],[81.65963384225586,20.49819417941107],[81.64074606267098,20.4957441989564],[81.64053693830022,20.50451351096303],[81.63903428035464,20.50575811956079],[81.61671684579858,20.51677572625736],[81.60712677232755,20.51203592308815],[81.6005772068899,20.51834943766112],[81.57333555972647,20.51887284186048],[81.55753615369325,20.51366483776225],[81.54107858917862,20.51499440300277],[81.53798335967235,20.5006208384815],[81.52355131176915,20.49336190142332],[81.51274298375378,20.49456142886671],[81.50507484589815,20.50217271917742],[81.50297019029138,20.51987339744382],[81.49341476664743,20.52080562107062],[81.48696223763717,20.51311127941654],[81.43689072135798,20.51920652049112],[81.42421670706165,20.5164018807282],[81.41078433077277,20.52626201664298],[81.41030620209698,20.55261320819553],[81.42143637332218,20.55055326656878],[81.4278908951863,20.56214507110617],[81.4547481807359,20.56690318117413],[81.44685776293575,20.58475763075091],[81.450017874735,20.58656939190174],[81.46359031519215,20.58391633847207],[81.47384770471967,20.59063248029157],[81.48774446303241,20.5820482030004],[81.49448495140162,20.58778294214147],[81.51567819239672,20.58887624111248],[81.51170419190576,20.59568894624542],[81.5090900178971,20.59186867039398],[81.49281687083882,20.59753528366063],[81.49162656583414,20.59212633472897],[81.47208588681613,20.59470694413719],[81.47393424968708,20.59990917545991],[81.48721772298431,20.60339812839186],[81.49210956457186,20.60021349914005],[81.51312253340761,20.61405338513499],[81.51398491426485,20.62328334171608],[81.51082165100316,20.62351096249844],[81.49999610742634,20.61767924558421],[81.49843685068082,20.60994471643565],[81.48890341283179,20.62726086002152],[81.49117235724934,20.63325419177708],[81.50060886564468,20.63655301241968],[81.50105166827349,20.64415177847359],[81.49247443403388,20.65455845401964],[81.49433588522491,20.66156325623215],[81.51055376168955,20.66306342567144],[81.51275190930743,20.67979337366266],[81.50819037417776,20.69043159745614],[81.51619543559437,20.71363708974448],[81.50215893946267,20.71882976499558],[81.49124810312463,20.71419111138996],[81.48418538458945,20.72529978842959],[81.4784845630309,20.72695730294877],[81.48765412069316,20.74502216525428],[81.48453945742285,20.74865237742836],[81.48791372962881,20.75787037426411],[81.47918013613958,20.76829290577073],[81.47861288933983,20.77608683300351],[81.49425370118377,20.78220050583217],[81.49495363073005,20.79005060140428],[81.51079435620886,20.79796945289186],[81.5147261173508,20.81105549776945],[81.5163572919547,20.82881696727394],[81.49343783491713,20.83354118219591],[81.49889291687418,20.84694361527408],[81.47534042013733,20.85645172323226],[81.47421440729009,20.86557222058638],[81.47251248562479,20.87089422264317],[81.48584356092745,20.87068884018998],[81.49858020328405,20.89438063104158],[81.51771617784517,20.8926406885248],[81.523983944308,20.89712882996105],[81.5288987598899,20.9174796874706],[81.54036608940574,20.9298919282616],[81.58908834611918,20.94057295932067],[81.59051596823997,20.95150026455864],[81.60731524202004,20.95751067020597],[81.61333267909174,20.965975403801],[81.60952999639996,20.98023752303165],[81.6217741863851,20.99056258022187],[81.60712090672517,21.01769884647805],[81.61085887773537,21.02717458386661],[81.63875026684214,21.00906238779828],[81.64854717506017,21.00985845034053],[81.65540786246657,20.9997393495533],[81.6745575087114,21.00076424411847],[81.68230497711893,20.99561566236233],[81.68519652806394,21.00050415103782],[81.7008892558511,21.00554294770599],[81.70774779765821,21.01835936466659],[81.713774849089,21.01868609658105],[81.7171444558427,21.01095834856165],[81.74870594665276,21.01149540633895],[81.75166295752992,21.00188963314099],[81.76301924466784,20.99147183128426],[81.7622163922569,20.98580861461946],[81.7739688305622,20.98229449087503],[81.77970947904463,20.96913954123107],[81.78941633567433,20.9643977891483],[81.80543886882879,20.9663650788721],[81.81517236634228,20.95838375866615],[81.81199880023243,20.95196371214657],[81.81484025169864,20.94637219657549],[81.82448428019241,20.94898017322873],[81.83393903401975,20.94076285620585],[81.85392261430596,20.94264880582394],[81.85850884804385,20.95866807442895],[81.87366977408675,20.96465858801217],[81.8770543114412,20.91860185276105],[81.89230799874538,20.89908792931425],[81.88861002694829,20.87617944602793],[81.90456452011281,20.83389389169347]]],[[[81.46012682232727,20.61196530074134],[81.4512479024854,20.60734870779284],[81.44924728903565,20.58959429255805],[81.44448800802543,20.58836740453386],[81.44378265227274,20.60201614095359],[81.45911434663721,20.62553626529625],[81.46252111589423,20.62069069335595],[81.46012682232727,20.61196530074134]]]]},"properties":{"ST_NAME":"Chhattisgarh","DIST_NAME":"Dhamtari"}},{"type":"Feature","geometry":{"type":"Polygon","coordinates":[[[81.47421440729009,20.86557222058638],[81.47534042013733,20.85645172323226],[81.49889291687418,20.84694361527408],[81.49343783491713,20.83354118219591],[81.5163572919547,20.82881696727394],[81.5147261173508,20.81105549776945],[81.51079435620886,20.79796945289186],[81.49495363073005,20.79005060140428],[81.49425370118377,20.78220050583217],[81.47861288933983,20.77608683300351],[81.47918013613958,20.76829290577073],[81.48791372962881,20.75787037426411],[81.48453945742285,20.74865237742836],[81.48765412069316,20.74502216525428],[81.4784845630309,20.72695730294877],[81.48418538458945,20.72529978842959],[81.49124810312463,20.71419111138996],[81.50215893946267,20.71882976499558],[81.51619543559437,20.71363708974448],[81.50819037417776,20.69043159745614],[81.51275190930743,20.67979337366266],[81.51055376168955,20.66306342567144],[81.49433588522491,20.66156325623215],[81.49247443403388,20.65455845401964],[81.50105166827349,20.64415177847359],[81.50060886564468,20.63655301241968],[81.49117235724934,20.63325419177708],[81.48890341283179,20.62726086002152],[81.49843685068082,20.60994471643565],[81.49999610742634,20.61767924558421],[81.51082165100316,20.62351096249844],[81.51398491426485,20.62328334171608],[81.51312253340761,20.61405338513499],[81.49210956457186,20.60021349914005],[81.48721772298431,20.60339812839186],[81.47393424968708,20.59990917545991],[81.47208588681613,20.59470694413719],[81.49162656583414,20.59212633472897],[81.49281687083882,20.59753528366063],[81.5090900178971,20.59186867039398],[81.51170419190576,20.59568894624542],[81.51567819239672,20.58887624111248],[81.49448495140162,20.58778294214147],[81.48774446303241,20.5820482030004],[81.47384770471967,20.59063248029157],[81.46359031519215,20.58391633847207],[81.450017874735,20.58656939190174],[81.44685776293575,20.58475763075091],[81.4547481807359,20.56690318117413],[81.4278908951863,20.56214507110617],[81.42143637332218,20.55055326656878],[81.41030620209698,20.55261320819553],[81.40052094205365,20.54998913336145],[81.38663756943514,20.5335038351327],[81.3641533190655,20.53778910602096],[81.35220498447993,20.55176323620557],[81.33401240176583,20.55067743987528],[81.3201124602396,20.55880810919578],[81.30929119363374,20.54726048232341],[81.30486094025869,20.53080066714619],[81.28777133337073,20.51303400349922],[81.27274194840531,20.51171674395254],[81.25412607118392,20.49910675277024],[81.26354508353339,20.48188740677491],[81.24973609793308,20.45605907633584],[81.25279596955099,20.4454004561009],[81.24235755570919,20.44056084449575],[81.23666878372708,20.44404997810896],[81.23515838459414,20.43169152470766],[81.22596022414517,20.43107059002511],[81.22150060795121,20.41830145644256],[81.17355732391941,20.40584147858639],[81.15076996700985,20.3778043063088],[81.08104813408663,20.41632931104629],[81.0382636214145,20.42479807927046],[81.02333543760342,20.44273657137466],[80.99829080547048,20.4527458763917],[80.99194573459587,20.45935799266778],[80.98130347056627,20.48250211401177],[80.9855645813377,20.49935951823343],[80.97997129217404,20.50063750178145],[80.97617208394092,20.50828616746477],[80.96074723572465,20.5072750503119],[80.95402656483796,20.54071246146055],[80.98958236035607,20.54385034062939],[80.98515736442474,20.55840017999367],[80.98853769728164,20.56740857481461],[80.99431939915675,20.56385317173767],[81.00663204698968,20.57391995111767],[81.00361669428008,20.5847212200728],[81.00656677834257,20.59829930002551],[80.9923582028292,20.60564386713369],[80.99171038877331,20.61184923842161],[80.978856598219,20.61341155449613],[80.97626261624893,20.62268091726191],[80.97070160400379,20.62320830392695],[80.9679475039963,20.63004405721815],[80.95812984977137,20.63004378002625],[80.95269865435013,20.64223251352993],[80.96040289321007,20.66472826540801],[80.94908952059221,20.66850030021882],[80.93902742594862,20.66403781924884],[80.92734944715707,20.66736303281716],[80.9198502675914,20.64914911736915],[80.91181790059113,20.64825628472067],[80.90934532459063,20.66557739161605],[80.88391331130092,20.65533546267121],[80.87263808015724,20.66695597482217],[80.86323165184437,20.66525234401044],[80.85503952299358,20.6704860298638],[80.85885335636367,20.68946990347937],[80.82766031824839,20.68399445587509],[80.81655336842825,20.68865949646601],[80.80312705160098,20.72281528296231],[80.8190629102875,20.74433601334887],[80.81724297244794,20.75627026267694],[80.82097933972265,20.76040758335142],[80.87003429249594,20.78594032316948],[80.87219419689485,20.79603732664021],[80.88365646077426,20.80372638495642],[80.8876370081188,20.79840635049936],[80.90007996613708,20.80798700145948],[80.90677692252724,20.79257344079807],[80.90006318938343,20.79218163382977],[80.90037222765203,20.7861732074313],[80.90909272549484,20.77873520058175],[80.9112223554869,20.78319086655901],[80.9214948800738,20.78232364256547],[80.92496525883739,20.77211283918117],[80.93224818262155,20.77699600804718],[80.93149277352877,20.78077887954339],[80.935938994447,20.78016787703852],[80.93987134604372,20.7982542837859],[80.94813383141576,20.80398070810062],[80.94895165362769,20.81201960147407],[80.95951553862415,20.8177455016715],[80.95677119206994,20.8233773685893],[80.9673516775174,20.81834359403844],[80.96995612346919,20.81081699261617],[80.97866398279848,20.81106522271264],[80.98039517001226,20.81856868284179],[80.97541971322005,20.82881454409782],[80.96937256721031,20.82469258760066],[80.96215107850455,20.83925141485924],[80.95602569432225,20.83728988026133],[80.94958402299406,20.84316032724347],[80.95635868883937,20.85557115248075],[80.97980194296538,20.86243247178753],[80.9946759346123,20.87896121090085],[80.99502297120834,20.88417556157755],[80.98193443577341,20.89024203302806],[80.9818640157615,20.89876738038012],[80.97017340909903,20.90056624088918],[80.9656235370028,20.90799950378464],[80.96293645644467,20.94971554987387],[80.94187801427869,20.94647977244773],[80.94691608764685,20.96433360112917],[80.95338699369694,20.96915322909879],[80.93922668561073,20.97704993428467],[80.95587713275233,20.98296231875212],[80.95412789021164,21.00337234730871],[80.98752600243418,21.00772067735421],[80.99068560649039,21.00304116163074],[81.01287756495704,20.99997844852789],[81.0203678228113,20.99370315281293],[81.03358914593271,20.99559434244139],[81.06110403147451,20.99268755082919],[81.07155795074092,20.99448673032332],[81.07495945129646,20.99922464407734],[81.0903397209199,20.99611979056072],[81.10042142386952,21.00521886095254],[81.12075261123186,21.0046840943029],[81.12068202127718,21.01070227740947],[81.12732779845226,21.01537065937173],[81.12260582424238,21.01754631705316],[81.12990864190192,21.01697024439996],[81.13782321852678,21.02888083091004],[81.13407347172357,21.03235957920206],[81.14018260670262,21.04068573890373],[81.13917384358754,21.04757036146839],[81.15095466759212,21.05703718733961],[81.14359700365154,21.06916872028047],[81.14836263613881,21.07643142039393],[81.15254870921127,21.07057654467599],[81.16313894060937,21.06961487948686],[81.16833058768731,21.07496348301384],[81.18313763915184,21.0750771015938],[81.18552952796011,21.0567161783831],[81.18115090969233,21.03776897156018],[81.193947289094,21.03590416915667],[81.20595053160503,21.02592484571161],[81.21399360202946,21.02919391926345],[81.21473469756798,21.04899495465387],[81.23824748705809,21.04350234304164],[81.23837433241394,21.03827541546828],[81.25620204266204,21.03806828735665],[81.26786878783132,21.03319258001244],[81.27199146678934,21.04655870398981],[81.28069425965093,21.04707220440313],[81.29855317579364,21.05759368453667],[81.30588377505126,21.05408830974397],[81.30296134250648,21.03795962888425],[81.34624351916203,21.03182329409509],[81.3512524829587,21.03491074711771],[81.36160351880937,21.03260708517462],[81.37526643506384,21.05149123535362],[81.39081708507477,21.0558307267301],[81.39869260210536,21.01458973877201],[81.40872778624698,21.00541214448813],[81.42141145986122,21.0032056054549],[81.42511863790862,20.99348957527215],[81.42386112439758,20.98533213012932],[81.40949928261799,20.97794462060806],[81.40890824703673,20.97102012081161],[81.43139341164648,20.95509438527166],[81.41076304075963,20.93770267216091],[81.40607013209383,20.91922951895267],[81.40985349378687,20.89515617711794],[81.3930971039459,20.89573764062245],[81.4011054234052,20.88159078112594],[81.39496072160776,20.87452830055676],[81.40203340604795,20.84972426217684],[81.41843528326646,20.84413908674196],[81.44971989141071,20.84351356617879],[81.45931593440544,20.84770602357704],[81.4588855896044,20.86114617916601],[81.47421440729009,20.86557222058638]],[[81.46012682232727,20.61196530074134],[81.46252111589423,20.62069069335595],[81.45911434663721,20.62553626529625],[81.44378265227274,20.60201614095359],[81.44448800802543,20.58836740453386],[81.44924728903565,20.58959429255805],[81.4512479024854,20.60734870779284],[81.46012682232727,20.61196530074134]]]},"properties":{"ST_NAME":"Chhattisgarh","DIST_NAME":"Balod"}},{"type":"Feature","geometry":{"type":"Polygon","coordinates":[[[81.53754929615243,21.28788189965797],[81.54584464013946,21.27045305946374],[81.54251414154366,21.24752600637851],[81.55139679552491,21.23971614106932],[81.56213305329331,21.24117629245764],[81.57468554940722,21.2226662597969],[81.6016485283658,21.20729959044704],[81.60574646975114,21.19231375399724],[81.62533543547652,21.16137985881622],[81.60269356033255,21.15865806518669],[81.60463365386055,21.1473677747613],[81.59361129994167,21.14200684614871],[81.58160971332778,21.12369806529751],[81.57491221725962,21.08992747249009],[81.57727634609083,21.07404182386975],[81.59241183743734,21.06697945278921],[81.60346947549435,21.06786240683034],[81.60796348280503,21.05949121340283],[81.58582223615335,21.04574516335642],[81.61085887773537,21.02717458386661],[81.60712090672517,21.01769884647805],[81.6217741863851,20.99056258022187],[81.60952999639996,20.98023752303165],[81.61333267909174,20.965975403801],[81.60731524202004,20.95751067020597],[81.59051596823997,20.95150026455864],[81.58908834611918,20.94057295932067],[81.54036608940574,20.9298919282616],[81.5288987598899,20.9174796874706],[81.523983944308,20.89712882996105],[81.51771617784517,20.8926406885248],[81.49858020328405,20.89438063104158],[81.48584356092745,20.87068884018998],[81.47251248562479,20.87089422264317],[81.47421440729009,20.86557222058638],[81.4588855896044,20.86114617916601],[81.45931593440544,20.84770602357704],[81.44971989141071,20.84351356617879],[81.41843528326646,20.84413908674196],[81.40203340604795,20.84972426217684],[81.39496072160776,20.87452830055676],[81.4011054234052,20.88159078112594],[81.3930971039459,20.89573764062245],[81.40985349378687,20.89515617711794],[81.40607013209383,20.91922951895267],[81.41076304075963,20.93770267216091],[81.43139341164648,20.95509438527166],[81.40890824703673,20.97102012081161],[81.40949928261799,20.97794462060806],[81.42386112439758,20.98533213012932],[81.42511863790862,20.99348957527215],[81.42141145986122,21.0032056054549],[81.40872778624698,21.00541214448813],[81.39869260210536,21.01458973877201],[81.39081708507477,21.0558307267301],[81.37526643506384,21.05149123535362],[81.36160351880937,21.03260708517462],[81.3512524829587,21.03491074711771],[81.34624351916203,21.03182329409509],[81.30296134250648,21.03795962888425],[81.30588377505126,21.05408830974397],[81.29855317579364,21.05759368453667],[81.28069425965093,21.04707220440313],[81.27199146678934,21.04655870398981],[81.26786878783132,21.03319258001244],[81.25620204266204,21.03806828735665],[81.23837433241394,21.03827541546828],[81.23824748705809,21.04350234304164],[81.21473469756798,21.04899495465387],[81.21399360202946,21.02919391926345],[81.20595053160503,21.02592484571161],[81.193947289094,21.03590416915667],[81.18115090969233,21.03776897156018],[81.18552952796011,21.0567161783831],[81.18313763915184,21.0750771015938],[81.16833058768731,21.07496348301384],[81.16313894060937,21.06961487948686],[81.15254870921127,21.07057654467599],[81.14836263613881,21.07643142039393],[81.15442256421957,21.07661981970825],[81.15175403837999,21.09038137621133],[81.1660178155834,21.10308588337685],[81.17957830404221,21.10039153851411],[81.19152413959206,21.09171889723535],[81.205387761547,21.0996795669767],[81.20634990730848,21.11006673023913],[81.1953335609071,21.11371328485261],[81.19789774648466,21.1205327015369],[81.19490504295197,21.1210939623162],[81.20758999893971,21.12482083810396],[81.20794980478412,21.14292389683538],[81.21475274860185,21.14877187394914],[81.21664453380875,21.1677710682046],[81.20716888222925,21.17667781020901],[81.2074464795732,21.18989337162623],[81.1960759900155,21.19664352631338],[81.19859685552758,21.22180682514883],[81.17869043109049,21.21656981616676],[81.16855712789429,21.21869226279965],[81.1562142854846,21.215656150695],[81.15466079599057,21.21040074678549],[81.1486914743657,21.21175859142956],[81.15027703779329,21.22687278633772],[81.16166214672923,21.22923700456956],[81.1640013664263,21.23543756213793],[81.14852054477433,21.23867661034377],[81.14898970144606,21.24487832539813],[81.154236521183,21.25045380245053],[81.16323252346724,21.25011779074317],[81.16570754579877,21.26422277180381],[81.17658661179141,21.26624725325048],[81.21446778802488,21.2533067830785],[81.23005415981946,21.26312670933956],[81.23140523954784,21.29410199927441],[81.24524917962057,21.29546730323971],[81.25220165944408,21.29066921384743],[81.26371620361365,21.29511736661684],[81.26929079423631,21.28726386788886],[81.27453601758614,21.29189905525749],[81.28359857853576,21.29015527184259],[81.28835919708852,21.30034515261369],[81.3037377509329,21.30021715118762],[81.3156451452997,21.30750632864735],[81.31856417900164,21.31575929309646],[81.3079391148378,21.33646652781548],[81.30804847650013,21.34488400926975],[81.32231623169938,21.35600003218891],[81.33359027557239,21.37442137023989],[81.34494019360979,21.37991406437807],[81.34638150183179,21.39934740612522],[81.36910536233987,21.40482071167945],[81.38048027165651,21.41632891310007],[81.40414939625711,21.41200551027857],[81.42728101538874,21.42137095415487],[81.43658323881775,21.41428852478785],[81.43569461588935,21.40636474945007],[81.44238167726364,21.40394666602004],[81.46419739633599,21.40735713686961],[81.46848026886883,21.41959464852213],[81.49246410486435,21.41491109654901],[81.49582226572122,21.40690076327237],[81.49171870724294,21.40209051968455],[81.48138585092961,21.40110280108991],[81.47882696770564,21.39096057862653],[81.49460104234073,21.37424459239325],[81.49168736762473,21.35853238468134],[81.53008869659008,21.35332761992589],[81.55578386422118,21.33493878186103],[81.54941452850304,21.30413717147539],[81.53441355400157,21.30017629017042],[81.53754929615243,21.28788189965797]]]},"properties":{"ST_NAME":"Chhattisgarh","DIST_NAME":"Durg"}},{"type":"Feature","geometry":{"type":"Polygon","coordinates":[[[81.38048027165651,21.41632891310007],[81.36910536233987,21.40482071167945],[81.34638150183179,21.39934740612522],[81.34494019360979,21.37991406437807],[81.33359027557239,21.37442137023989],[81.32231623169938,21.35600003218891],[81.30804847650013,21.34488400926975],[81.3079391148378,21.33646652781548],[81.31856417900164,21.31575929309646],[81.3156451452997,21.30750632864735],[81.3037377509329,21.30021715118762],[81.28835919708852,21.30034515261369],[81.28359857853576,21.29015527184259],[81.27453601758614,21.29189905525749],[81.26929079423631,21.28726386788886],[81.26371620361365,21.29511736661684],[81.25220165944408,21.29066921384743],[81.24524917962057,21.29546730323971],[81.23140523954784,21.29410199927441],[81.23005415981946,21.26312670933956],[81.21446778802488,21.2533067830785],[81.17658661179141,21.26624725325048],[81.16570754579877,21.26422277180381],[81.16081768112926,21.28322783141963],[81.16276497910457,21.29409832562978],[81.17409740835892,21.29603583230725],[81.17744876516986,21.31835341664744],[81.18524888500582,21.32000617295579],[81.18646620271377,21.33401263242539],[81.19641082001237,21.33586045242121],[81.18812105976355,21.34379120396212],[81.1881930516295,21.3604417244522],[81.19459540571533,21.37004814616029],[81.19225666963449,21.38803636221209],[81.1883193978361,21.39542255099595],[81.17546683172061,21.40029392369691],[81.18289706882625,21.40176310051973],[81.18408751939909,21.40847310825592],[81.17708228355963,21.41304734116706],[81.17113869297737,21.43392610675655],[81.17921120376691,21.44798284371887],[81.17670955007986,21.46060369007133],[81.18143248933531,21.48227774139312],[81.16020681407566,21.48573575964601],[81.15690685457814,21.50151546202766],[81.18759526315394,21.49634473701499],[81.19506968972387,21.51827524213987],[81.16314361124941,21.52651665809101],[81.15452574985602,21.53818335628793],[81.15706189115957,21.54650758905621],[81.15114583216662,21.55041076442785],[81.14024378736441,21.54950218936732],[81.13851209864814,21.55426848901746],[81.15712158209723,21.58988531584863],[81.17684143207296,21.59746039195474],[81.18032981267898,21.61508017960233],[81.17474055933634,21.62338991354474],[81.19444041275908,21.63481881140202],[81.17775474299017,21.64548938961207],[81.18230173348928,21.66726380061074],[81.17244263045767,21.68253123660798],[81.17612365411286,21.69244742879743],[81.17145870085737,21.70492248330596],[81.183434698784,21.70548260391227],[81.18560673595658,21.7113869404178],[81.19636357713995,21.70383341428118],[81.20325023674079,21.71256046106882],[81.2176220047186,21.70496928475893],[81.23214257416222,21.71021412957238],[81.2334979110839,21.72017929434263],[81.22561997019395,21.72197509894944],[81.22354056575558,21.72822055065523],[81.22360392093753,21.756119618562],[81.2545985582601,21.7462372405053],[81.26160237280236,21.75008669290973],[81.26256102674999,21.75614515790641],[81.26952754321594,21.7557534387221],[81.2796952390818,21.76315623681256],[81.28731449048864,21.7610042884633],[81.2931152894385,21.76879733763175],[81.31064356664899,21.75785706304746],[81.309367779304,21.76300532946856],[81.32086136178783,21.76079807961276],[81.32640681540792,21.76688598267522],[81.34315706381757,21.76787115877794],[81.34399161117295,21.77390789756465],[81.33717218686726,21.77331890136634],[81.33478648281152,21.78646990497003],[81.32934031935586,21.78725339193907],[81.33174275165783,21.79276341049297],[81.32645585297911,21.8030574929087],[81.33152212537811,21.8049208606661],[81.3210700444799,21.81994800785563],[81.3200391314371,21.83108721448334],[81.33245467025812,21.84916448986156],[81.36389148760706,21.83169065624383],[81.37764310196845,21.83511910853767],[81.39915105827804,21.83055376355598],[81.40043209962742,21.85176522138423],[81.3927244295671,21.85952801863344],[81.38998791208729,21.87636309291963],[81.39328558654803,21.88431744924731],[81.4011870585576,21.88981184968002],[81.40793163009452,21.88898709784569],[81.41081607820799,21.90942071232136],[81.41598036203925,21.91539381303473],[81.42581324841974,21.89911210187788],[81.4499036032233,21.90292746908876],[81.43895559243434,21.90779997156291],[81.45483164908575,21.91391018444482],[81.45188881697078,21.92685025153887],[81.4626896262019,21.93172383860412],[81.45021839559512,21.93706813404484],[81.45419116222735,21.94407116772605],[81.45115279745039,21.95046425633166],[81.47785894165555,21.96403708495253],[81.4790938198038,21.96991396575376],[81.46789007687806,21.97895531652893],[81.48586819848863,21.99647462263671],[81.47826210682867,21.99580875383436],[81.4712098187796,22.01514896447436],[81.48542421707766,22.01882028856836],[81.50303385166325,22.01115643270119],[81.50107550352449,22.00435675501341],[81.51180987909223,21.9994143712742],[81.52036090255773,22.00767327648524],[81.52685530341296,22.0048011685282],[81.53988880103954,22.00790444071022],[81.55718823641574,22.00267266519171],[81.55782877462183,21.99527845728904],[81.57212890740458,21.99656239036606],[81.57984318061122,21.98205433297597],[81.58417977259873,21.98819444169644],[81.5897865232681,21.98793366789011],[81.59149441712829,22.0108353346968],[81.58625637870088,22.01674439612037],[81.57343205012782,22.01740821563518],[81.58064068230746,22.02522962780784],[81.58489976223188,22.0188531937786],[81.60714174217928,22.01742392689763],[81.61099781866398,22.00493600171188],[81.6169281574729,22.00267299718023],[81.61570268674593,21.9884024155201],[81.6266679109156,21.98576520947498],[81.6329213487271,21.99109864084064],[81.6477397708411,21.99243420500523],[81.65744562418388,21.98815796143571],[81.66324554641604,21.98466402839031],[81.65814303500773,21.96806562373871],[81.6677779848387,21.96268865377238],[81.70560859475829,21.95974597544659],[81.7058371214372,21.9524149405949],[81.71522183072534,21.95353064495328],[81.72758209108234,21.94368391743731],[81.74461670544882,21.94912609657596],[81.75006889568735,21.9558200980944],[81.75926059052853,21.95220157658865],[81.76388486233728,21.95816889585553],[81.7787651994972,21.95131108793126],[81.79116135554932,21.95147149781358],[81.78665587592738,21.93321254495417],[81.81521116201715,21.91843119236454],[81.80721747967164,21.88797999716428],[81.82694879491756,21.88248147761222],[81.83268790134034,21.88471542271681],[81.82896795485838,21.89675506299165],[81.84378955992992,21.90160811597158],[81.84981086119517,21.90169940919727],[81.84874193981743,21.89310148382751],[81.8604682191772,21.88624645326062],[81.86639941094954,21.8955205963185],[81.87678947769183,21.89705282396934],[81.89157887148042,21.88774721094156],[81.88577099891315,21.87391119053733],[81.89152070469576,21.87149706481502],[81.88513720899591,21.84437687983961],[81.91234209788695,21.83754060004802],[81.91390553295712,21.82857218853827],[81.92791759759288,21.81815612725085],[81.88691561485764,21.78370821096709],[81.8502848550283,21.77293985956941],[81.83567327913426,21.76219072463422],[81.80616957981621,21.76471640939673],[81.79525983887875,21.77676109595144],[81.7741933822593,21.76694041057557],[81.76156025203075,21.77327835053609],[81.75236626358083,21.76184626554066],[81.73947649686004,21.75503445317701],[81.73441154494441,21.76530378882761],[81.71993380541191,21.76074927938939],[81.70055863216336,21.76136767994621],[81.69762060047115,21.74826039469314],[81.72656630583735,21.70822535346845],[81.72310140548954,21.68742172022625],[81.70963275223941,21.67863705974773],[81.68205757299418,21.67470435077646],[81.6732568401992,21.6690576939538],[81.67087506806176,21.66179807855309],[81.65991921348059,21.66158501172994],[81.65875141265626,21.65156473866612],[81.6923544116477,21.62549607509133],[81.69805616594073,21.6112799140295],[81.68067093859457,21.57435914137235],[81.66639833743974,21.56773668730442],[81.66762418336573,21.54828970548354],[81.6432817757361,21.54569623621378],[81.64428868386157,21.52109122938205],[81.62818924008816,21.50804928173965],[81.62794851086049,21.47177123974753],[81.62301742060781,21.46217266261663],[81.63183637634828,21.44541930106373],[81.62847030212681,21.43611935682571],[81.63072939451965,21.41552891829203],[81.63891973749286,21.40528661055683],[81.62383889789962,21.38730171116294],[81.60937874489164,21.38629398334154],[81.61152576564845,21.36654154802302],[81.59280909548158,21.357357160964],[81.59367075197568,21.35145219287918],[81.59644445314514,21.34374203530775],[81.58342285156681,21.33310422250233],[81.55578386422118,21.33493878186103],[81.53008869659008,21.35332761992589],[81.49168736762473,21.35853238468134],[81.49460104234073,21.37424459239325],[81.47882696770564,21.39096057862653],[81.48138585092961,21.40110280108991],[81.49171870724294,21.40209051968455],[81.49582226572122,21.40690076327237],[81.49246410486435,21.41491109654901],[81.46848026886883,21.41959464852213],[81.46419739633599,21.40735713686961],[81.44238167726364,21.40394666602004],[81.43569461588935,21.40636474945007],[81.43658323881775,21.41428852478785],[81.42728101538874,21.42137095415487],[81.40414939625711,21.41200551027857],[81.38048027165651,21.41632891310007]]]},"properties":{"ST_NAME":"Chhattisgarh","DIST_NAME":"Bemetara"}},{"type":"Feature","geometry":{"type":"Polygon","coordinates":[[[81.479032433219,22.49166018869722],[81.47523141610051,22.47872318314927],[81.47866113914554,22.45081369338001],[81.49530669837725,22.43317519494822],[81.49028871128083,22.4225524865414],[81.492039536887,22.41281564438799],[81.50651499692393,22.39392830545199],[81.52079128999024,22.38845041908398],[81.5197835524264,22.37335804578012],[81.53193773516398,22.35292604069263],[81.54281590616361,22.33906948202905],[81.55493000091914,22.33429773237264],[81.54015234059426,22.30596998102509],[81.52613909751162,22.29816596547872],[81.53269590071034,22.27968692090785],[81.54004093548424,22.27529520990477],[81.53744505357658,22.26741389861483],[81.54962972735537,22.24776163496041],[81.54879333310122,22.22639704773106],[81.54120852486534,22.20830331798096],[81.54445572529512,22.18739788216979],[81.53373676491792,22.15999237491895],[81.53816619296423,22.15027118181671],[81.53238704899148,22.13833461642928],[81.5187781599967,22.1370951181002],[81.52128121575136,22.10095364353157],[81.53341644914713,22.07764950290185],[81.52329087868837,22.05445541072119],[81.51137752955913,22.04605446943204],[81.51023837653669,22.03841749580512],[81.51613450155072,22.03560599064901],[81.51700192411265,22.02591131790426],[81.50303385166325,22.01115643270119],[81.48542421707766,22.01882028856836],[81.4712098187796,22.01514896447436],[81.47826210682867,21.99580875383436],[81.48586819848863,21.99647462263671],[81.46789007687806,21.97895531652893],[81.4790938198038,21.96991396575376],[81.47785894165555,21.96403708495253],[81.45115279745039,21.95046425633166],[81.45419116222735,21.94407116772605],[81.45021839559512,21.93706813404484],[81.4626896262019,21.93172383860412],[81.45188881697078,21.92685025153887],[81.45483164908575,21.91391018444482],[81.43895559243434,21.90779997156291],[81.4499036032233,21.90292746908876],[81.42581324841974,21.89911210187788],[81.41598036203925,21.91539381303473],[81.41081607820799,21.90942071232136],[81.40793163009452,21.88898709784569],[81.4011870585576,21.88981184968002],[81.39328558654803,21.88431744924731],[81.38998791208729,21.87636309291963],[81.3927244295671,21.85952801863344],[81.40043209962742,21.85176522138423],[81.39915105827804,21.83055376355598],[81.37764310196845,21.83511910853767],[81.36389148760706,21.83169065624383],[81.33245467025812,21.84916448986156],[81.3200391314371,21.83108721448334],[81.3210700444799,21.81994800785563],[81.33152212537811,21.8049208606661],[81.32645585297911,21.8030574929087],[81.33174275165783,21.79276341049297],[81.32934031935586,21.78725339193907],[81.33478648281152,21.78646990497003],[81.33717218686726,21.77331890136634],[81.34399161117295,21.77390789756465],[81.34315706381757,21.76787115877794],[81.32640681540792,21.76688598267522],[81.32086136178783,21.76079807961276],[81.309367779304,21.76300532946856],[81.31064356664899,21.75785706304746],[81.2931152894385,21.76879733763175],[81.28731449048864,21.7610042884633],[81.2796952390818,21.76315623681256],[81.26952754321594,21.7557534387221],[81.26256102674999,21.75614515790641],[81.26160237280236,21.75008669290973],[81.2545985582601,21.7462372405053],[81.22360392093753,21.756119618562],[81.22354056575558,21.72822055065523],[81.22561997019395,21.72197509894944],[81.2334979110839,21.72017929434263],[81.23214257416222,21.71021412957238],[81.2176220047186,21.70496928475893],[81.20325023674079,21.71256046106882],[81.19636357713995,21.70383341428118],[81.18560673595658,21.7113869404178],[81.183434698784,21.70548260391227],[81.17145870085737,21.70492248330596],[81.15857079942167,21.71531546301367],[81.15064220566731,21.71148367100666],[81.12993478660265,21.71668511733746],[81.1264043664466,21.70434338131382],[81.10286499592803,21.73439059426369],[81.09641709747231,21.73016896127493],[81.07913462290098,21.7336767336589],[81.07847247225983,21.72870498151524],[81.06830402160621,21.73225027161002],[81.05982468691143,21.72385902419245],[81.04100701622055,21.72731370722791],[81.04479948041106,21.7369741124559],[81.02705527034954,21.74149693478714],[81.01185552298453,21.73662812748422],[81.00241092493654,21.72736212314166],[80.99300872846452,21.72979376540356],[80.9729904668539,21.74791202546735],[80.9688815911927,21.76215227252443],[80.95231265986446,21.76572183375161],[80.95199345993176,21.78803010886647],[80.94327424086146,21.80615882676548],[80.93282595878665,21.81171815339647],[80.92578591342989,21.82771570617983],[80.90488924788161,21.82600520865393],[80.89252082487297,21.83121420773437],[80.87858220049453,21.8253446667132],[80.85519551280356,21.83490472326669],[80.84255165534523,21.8336967481403],[80.83810133804293,21.83682650652211],[80.83917637585701,21.8478110127543],[80.85234293704649,21.85480592655404],[80.84257853720919,21.86538775162397],[80.85315999628871,21.87263201051034],[80.84267064892072,21.87607490138816],[80.84321977731283,21.88203676324222],[80.8325394928907,21.88909951972144],[80.83591842323102,21.90709311450317],[80.83208145146064,21.9077814176921],[80.84748374372215,21.93242134162222],[80.84138884909618,21.94099957382409],[80.84559897844636,21.94188099599144],[80.8427382696072,21.94616234948363],[80.82878610052454,21.94830527340915],[80.82536884385426,21.95847774638131],[80.83579695724363,21.95452681657882],[80.83815365775855,21.95791858495022],[80.85232726473332,21.95721242919931],[80.87576847058945,22.01107030433037],[80.8757838366901,22.03855944801935],[80.8857954953646,22.04965009090418],[80.88268647686483,22.05906026916568],[80.88899825978028,22.0571276990914],[80.89680293443604,22.06436970016322],[80.90792589133882,22.10959868320277],[80.92194296064955,22.11997738982941],[80.94756850823802,22.11829169066908],[80.95697077294956,22.11044475398981],[80.9718719328227,22.08237823390879],[80.97003284164845,22.05743532168065],[80.98052874503028,22.05473347283563],[80.9835273344287,22.04862528920745],[80.99438174135138,22.04926871289659],[80.99486924720497,22.05863371611983],[81.00409724213293,22.05964992247291],[81.0090284512372,22.07031680372649],[81.0016257834669,22.08420725293934],[81.01137460710044,22.09550199924825],[80.9904674189332,22.11358131935089],[80.98433330542072,22.11458271699951],[80.98095245407006,22.11024025376346],[80.9781340832811,22.12013096376349],[80.9948653725926,22.13304818437365],[81.02212471105035,22.13258963671856],[81.02219157428677,22.1572841731205],[81.0267916524188,22.16564963384678],[81.0167459572877,22.18603517312864],[81.02236664110396,22.18951921596749],[81.03074767578775,22.18736611851693],[81.03148679595972,22.20006338002661],[81.0195155483135,22.2213530488731],[81.02367747658586,22.22924877102945],[81.0379558250186,22.23394791059677],[81.04689102900406,22.24247171921834],[81.07232282977927,22.24842281399921],[81.07960808454403,22.23936262663533],[81.09176095082275,22.24941082624053],[81.10199118798161,22.27836974924067],[81.11836216738031,22.29064350038677],[81.1187586796432,22.30985219977131],[81.11349114798686,22.32434195193764],[81.1211357689126,22.34270019068808],[81.11324059982785,22.3528018046617],[81.10351746400315,22.38271138501778],[81.10785044001754,22.3987908207061],[81.1108076362135,22.4371996743997],[81.1258444439437,22.44860684939807],[81.15485098992583,22.45434852856843],[81.17213116439223,22.48768490943195],[81.19808066045853,22.48917337330759],[81.19932272775684,22.46284409323777],[81.20762799552504,22.45637407346002],[81.2321637006763,22.4519777664302],[81.2429971682347,22.45600961272568],[81.26227750284932,22.47223030715946],[81.26223307673136,22.49309714194661],[81.27330329539346,22.49295964816413],[81.28141711501202,22.50301074277309],[81.30737682635746,22.48180201668147],[81.31384130993948,22.48270379672714],[81.3152029688544,22.48754809448339],[81.32277452494738,22.48876982881534],[81.31829623216804,22.49379501733338],[81.31755707746133,22.51348958059683],[81.32321168978673,22.52353658596099],[81.33133170242337,22.52548538657634],[81.34053525075458,22.51944234752325],[81.35041765256305,22.51771046226532],[81.35437760011207,22.51121129325875],[81.37044470567024,22.51492715924119],[81.38224249444742,22.50979465153751],[81.38404864216308,22.48945741338455],[81.3913718714361,22.47764263391391],[81.38813315117883,22.45918635985729],[81.39687146670799,22.43992444521372],[81.42370888390852,22.44845767323384],[81.42879470860134,22.45670995156347],[81.42283174759073,22.4702463700304],[81.42783770233544,22.47967228381665],[81.43995518551937,22.48161879883999],[81.441286667992,22.47139282460851],[81.44747583708758,22.46572815895915],[81.45894447122096,22.4692359059716],[81.44688589600945,22.46938103416791],[81.45091896090852,22.47881182347111],[81.44637050973397,22.47618976355139],[81.44272363719939,22.47911790231235],[81.45121502210104,22.48647745264592],[81.44257869764095,22.49427157557088],[81.45195568502768,22.49593081338667],[81.45882664545593,22.48937735590964],[81.4631386792117,22.49304777612363],[81.479032433219,22.49166018869722]]]},"properties":{"ST_NAME":"Chhattisgarh","DIST_NAME":"Kabirdham"}},{"type":"Feature","geometry":{"type":"Polygon","coordinates":[[[80.84255165534523,21.8336967481403],[80.85519551280356,21.83490472326669],[80.87858220049453,21.8253446667132],[80.89252082487297,21.83121420773437],[80.90488924788161,21.82600520865393],[80.92578591342989,21.82771570617983],[80.93282595878665,21.81171815339647],[80.94327424086146,21.80615882676548],[80.95199345993176,21.78803010886647],[80.95231265986446,21.76572183375161],[80.9688815911927,21.76215227252443],[80.9729904668539,21.74791202546735],[80.99300872846452,21.72979376540356],[81.00241092493654,21.72736212314166],[81.01185552298453,21.73662812748422],[81.02705527034954,21.74149693478714],[81.04479948041106,21.7369741124559],[81.04100701622055,21.72731370722791],[81.05982468691143,21.72385902419245],[81.06830402160621,21.73225027161002],[81.07847247225983,21.72870498151524],[81.07913462290098,21.7336767336589],[81.09641709747231,21.73016896127493],[81.10286499592803,21.73439059426369],[81.1264043664466,21.70434338131382],[81.12993478660265,21.71668511733746],[81.15064220566731,21.71148367100666],[81.15857079942167,21.71531546301367],[81.17145870085737,21.70492248330596],[81.17612365411286,21.69244742879743],[81.17244263045767,21.68253123660798],[81.18230173348928,21.66726380061074],[81.17775474299017,21.64548938961207],[81.19444041275908,21.63481881140202],[81.17474055933634,21.62338991354474],[81.18032981267898,21.61508017960233],[81.17684143207296,21.59746039195474],[81.15712158209723,21.58988531584863],[81.13851209864814,21.55426848901746],[81.14024378736441,21.54950218936732],[81.15114583216662,21.55041076442785],[81.15706189115957,21.54650758905621],[81.15452574985602,21.53818335628793],[81.16314361124941,21.52651665809101],[81.19506968972387,21.51827524213987],[81.18759526315394,21.49634473701499],[81.15690685457814,21.50151546202766],[81.16020681407566,21.48573575964601],[81.18143248933531,21.48227774139312],[81.17670955007986,21.46060369007133],[81.17921120376691,21.44798284371887],[81.17113869297737,21.43392610675655],[81.17708228355963,21.41304734116706],[81.18408751939909,21.40847310825592],[81.18289706882625,21.40176310051973],[81.17546683172061,21.40029392369691],[81.1883193978361,21.39542255099595],[81.19225666963449,21.38803636221209],[81.19459540571533,21.37004814616029],[81.1881930516295,21.3604417244522],[81.17056405212867,21.36017287463456],[81.13524153261164,21.34607704284691],[81.1033460764788,21.34127546461083],[81.0920399890527,21.35258751477029],[81.07298545972662,21.35232160039132],[81.07608025131313,21.36396687976648],[81.05271221217939,21.3614128123853],[81.0383783918945,21.35125749353598],[81.02006383325617,21.35653586519287],[81.01908655183576,21.34760165450027],[81.01202396397599,21.35162476146244],[81.01052455615284,21.3636253039369],[81.00415134971725,21.36661744185485],[80.99526232194862,21.34291472776677],[80.98641933400141,21.34098050604298],[80.97236148525592,21.34930211452563],[80.98717910234846,21.36389300509744],[80.99158391463932,21.38217425150691],[80.9818444955691,21.38563285645209],[80.98265400508195,21.39676336086614],[80.95921312716648,21.3913991795004],[80.93596059463455,21.39840229330953],[80.94730919272051,21.40118988071242],[80.95026523023503,21.41281651678025],[80.93412967585516,21.43897255879384],[80.94143526100243,21.45087429228472],[80.96764604524878,21.45542072722817],[80.96552520060096,21.46639595197305],[80.95505616687781,21.46769699680773],[80.96412216725001,21.49202640185581],[80.97285679951574,21.49792988269099],[80.96372028075085,21.50970393397441],[80.93331436089116,21.49029031177657],[80.92636696606638,21.49097706573978],[80.92432473943423,21.4995069787682],[80.90086407500344,21.49932123404018],[80.81407185963286,21.48631437428697],[80.78010955610604,21.49562715443841],[80.77372820293078,21.50405544768027],[80.76358394755376,21.49364939018081],[80.7336757595691,21.48354230831145],[80.72771334541576,21.49620072123976],[80.73286312151876,21.5005855269407],[80.73050538956176,21.51618257111829],[80.74031483585574,21.53941231453386],[80.71983326310772,21.55522255749863],[80.72901015267692,21.57234888439923],[80.72543929218894,21.57991580398693],[80.71536193822601,21.58451909397941],[80.71868123337187,21.58708975130706],[80.71700974529142,21.60250001423637],[80.72501264718208,21.60978564618305],[80.72363891218046,21.61393617544508],[80.73105433253261,21.61679666515677],[80.73177775730514,21.6262545536193],[80.72683440693933,21.64546170278139],[80.71879414096043,21.64583526230774],[80.71430108535714,21.66138306557899],[80.71913821482651,21.6672777424278],[80.71697442395035,21.67171615033446],[80.73407402921436,21.69434994792337],[80.73515659692109,21.70429445628356],[80.72579635622024,21.71285099997144],[80.73196807601869,21.71363018112167],[80.73343285162713,21.72787392719989],[80.73971038846913,21.73195557182834],[80.73874196865624,21.74011593368113],[80.74842228611183,21.75616784016983],[80.75603568477568,21.76218128473393],[80.77214705942875,21.75856280090732],[80.78580893360903,21.74869641147646],[80.78513818885806,21.73997489027931],[80.80683360869686,21.74768168022038],[80.82018283703464,21.74810204553226],[80.81695657040395,21.76164568081351],[80.82337843737785,21.77498887746409],[80.82792572652403,21.77612880316848],[80.8259960438625,21.78298232448332],[80.83183128261287,21.79407261610671],[80.83980983338424,21.8016862651715],[80.83739246809273,21.8093807575664],[80.8448977464802,21.82866387097771],[80.84255165534523,21.8336967481403]]]},"properties":{"ST_NAME":"Chhattisgarh","DIST_NAME":"Khairagarh-Chhuikhadan-Gandai"}},{"type":"Feature","geometry":{"type":"Polygon","coordinates":[[[81.1881930516295,21.3604417244522],[81.18812105976355,21.34379120396212],[81.19641082001237,21.33586045242121],[81.18646620271377,21.33401263242539],[81.18524888500582,21.32000617295579],[81.17744876516986,21.31835341664744],[81.17409740835892,21.29603583230725],[81.16276497910457,21.29409832562978],[81.16081768112926,21.28322783141963],[81.16570754579877,21.26422277180381],[81.16323252346724,21.25011779074317],[81.154236521183,21.25045380245053],[81.14898970144606,21.24487832539813],[81.14852054477433,21.23867661034377],[81.1640013664263,21.23543756213793],[81.16166214672923,21.22923700456956],[81.15027703779329,21.22687278633772],[81.1486914743657,21.21175859142956],[81.15466079599057,21.21040074678549],[81.1562142854846,21.215656150695],[81.16855712789429,21.21869226279965],[81.17869043109049,21.21656981616676],[81.19859685552758,21.22180682514883],[81.1960759900155,21.19664352631338],[81.2074464795732,21.18989337162623],[81.20716888222925,21.17667781020901],[81.21664453380875,21.1677710682046],[81.21475274860185,21.14877187394914],[81.20794980478412,21.14292389683538],[81.20758999893971,21.12482083810396],[81.19490504295197,21.1210939623162],[81.19789774648466,21.1205327015369],[81.1953335609071,21.11371328485261],[81.20634990730848,21.11006673023913],[81.205387761547,21.0996795669767],[81.19152413959206,21.09171889723535],[81.17957830404221,21.10039153851411],[81.1660178155834,21.10308588337685],[81.15175403837999,21.09038137621133],[81.15442256421957,21.07661981970825],[81.14836263613881,21.07643142039393],[81.14359700365154,21.06916872028047],[81.15095466759212,21.05703718733961],[81.13917384358754,21.04757036146839],[81.14018260670262,21.04068573890373],[81.13407347172357,21.03235957920206],[81.13782321852678,21.02888083091004],[81.12990864190192,21.01697024439996],[81.12260582424238,21.01754631705316],[81.12732779845226,21.01537065937173],[81.12068202127718,21.01070227740947],[81.12075261123186,21.0046840943029],[81.10042142386952,21.00521886095254],[81.0903397209199,20.99611979056072],[81.07495945129646,20.99922464407734],[81.07155795074092,20.99448673032332],[81.06110403147451,20.99268755082919],[81.03358914593271,20.99559434244139],[81.0203678228113,20.99370315281293],[81.01287756495704,20.99997844852789],[80.99068560649039,21.00304116163074],[80.98752600243418,21.00772067735421],[80.95412789021164,21.00337234730871],[80.95587713275233,20.98296231875212],[80.93922668561073,20.97704993428467],[80.95338699369694,20.96915322909879],[80.94691608764685,20.96433360112917],[80.94187801427869,20.94647977244773],[80.96293645644467,20.94971554987387],[80.9656235370028,20.90799950378464],[80.97017340909903,20.90056624088918],[80.9818640157615,20.89876738038012],[80.98193443577341,20.89024203302806],[80.99502297120834,20.88417556157755],[80.9946759346123,20.87896121090085],[80.97980194296538,20.86243247178753],[80.95635868883937,20.85557115248075],[80.94958402299406,20.84316032724347],[80.95602569432225,20.83728988026133],[80.96215107850455,20.83925141485924],[80.96937256721031,20.82469258760066],[80.97541971322005,20.82881454409782],[80.98039517001226,20.81856868284179],[80.97866398279848,20.81106522271264],[80.96995612346919,20.81081699261617],[80.9673516775174,20.81834359403844],[80.95677119206994,20.8233773685893],[80.95951553862415,20.8177455016715],[80.94895165362769,20.81201960147407],[80.94813383141576,20.80398070810062],[80.93987134604372,20.7982542837859],[80.935938994447,20.78016787703852],[80.93149277352877,20.78077887954339],[80.93224818262155,20.77699600804718],[80.92496525883739,20.77211283918117],[80.9214948800738,20.78232364256547],[80.9112223554869,20.78319086655901],[80.90909272549484,20.77873520058175],[80.90037222765203,20.7861732074313],[80.90006318938343,20.79218163382977],[80.90677692252724,20.79257344079807],[80.90007996613708,20.80798700145948],[80.8876370081188,20.79840635049936],[80.88365646077426,20.80372638495642],[80.87219419689485,20.79603732664021],[80.87003429249594,20.78594032316948],[80.82097933972265,20.76040758335142],[80.81707543514472,20.77614257766835],[80.80830719643782,20.77989924175371],[80.79264069757606,20.77938852272791],[80.78976534774883,20.77229805014147],[80.77282165318512,20.77384553887707],[80.77032539877543,20.76277987165323],[80.7611628479473,20.76695473567249],[80.74930274525639,20.75924394068412],[80.74221597627536,20.77365468270834],[80.73051803468691,20.77165429647048],[80.72227320604104,20.7585488197157],[80.71030325847474,20.76394399677433],[80.69632108617223,20.76341240408125],[80.69026989573315,20.77101545923787],[80.68131916499645,20.77176925247473],[80.6732171590875,20.78188068594962],[80.65825367320757,20.78705442663152],[80.64465516663053,20.77986570146269],[80.64186041634682,20.7714048889631],[80.62161092034388,20.76822706331189],[80.61292945353419,20.77079464858274],[80.59585869737182,20.78610270932097],[80.5521056371091,20.78081906979976],[80.54920078849696,20.79602036918251],[80.5610836900845,20.82283587129883],[80.55471512893745,20.84522630957573],[80.55576433718586,20.88945363375831],[80.54173324337833,20.92476300824767],[80.54600058178714,20.93481526651489],[80.51912141911882,20.9297869394656],[80.46336374551082,20.92970384533311],[80.4459708423202,20.96922126856465],[80.44362926723429,20.99448389800681],[80.42441261186543,21.00799512757611],[80.43907852338656,21.02753918817137],[80.44963039513472,21.03066618815597],[80.45238078404208,21.03899052209579],[80.4540524605085,21.05222798799043],[80.4471951126274,21.06388019974251],[80.4469515216475,21.07930618432696],[80.43913911204686,21.09664103608372],[80.44721769166016,21.11174205069053],[80.45690673936868,21.11514494614073],[80.44448647869386,21.12116944392599],[80.45647899218302,21.14402078212289],[80.4639880396297,21.17510864506068],[80.47818175205256,21.1704688512113],[80.50249972523311,21.18561638390736],[80.5141999228402,21.18231456830084],[80.52900318636567,21.20533596903267],[80.55719042764039,21.20109650045449],[80.5705443726539,21.20669418428584],[80.57981569712985,21.21908843141187],[80.6157403371612,21.22803839884947],[80.6251640979289,21.24189436130874],[80.64229595196484,21.2494341437007],[80.65119251053541,21.2780933099569],[80.65773324083804,21.28157710186618],[80.6622902243799,21.291578231115],[80.66915449235363,21.29081798765234],[80.67871535383895,21.29774134019343],[80.68163636396139,21.31212359075736],[80.66004295941563,21.33417967039108],[80.67140192592443,21.33860993519043],[80.6712490303549,21.34514179155628],[80.67762623591005,21.34866480583521],[80.6818981655888,21.3601746539998],[80.68028903609073,21.36502599534085],[80.6947216892955,21.38033975659723],[80.69984070750277,21.40435993169227],[80.70678154296448,21.41253145194719],[80.7067205612008,21.43304487912065],[80.7239457032032,21.44465119064913],[80.73480828361454,21.45964617549891],[80.73781342579635,21.47575497087293],[80.7336757595691,21.48354230831145],[80.76358394755376,21.49364939018081],[80.77372820293078,21.50405544768027],[80.78010955610604,21.49562715443841],[80.81407185963286,21.48631437428697],[80.90086407500344,21.49932123404018],[80.92432473943423,21.4995069787682],[80.92636696606638,21.49097706573978],[80.93331436089116,21.49029031177657],[80.96372028075085,21.50970393397441],[80.97285679951574,21.49792988269099],[80.96412216725001,21.49202640185581],[80.95505616687781,21.46769699680773],[80.96552520060096,21.46639595197305],[80.96764604524878,21.45542072722817],[80.94143526100243,21.45087429228472],[80.93412967585516,21.43897255879384],[80.95026523023503,21.41281651678025],[80.94730919272051,21.40118988071242],[80.93596059463455,21.39840229330953],[80.95921312716648,21.3913991795004],[80.98265400508195,21.39676336086614],[80.9818444955691,21.38563285645209],[80.99158391463932,21.38217425150691],[80.98717910234846,21.36389300509744],[80.97236148525592,21.34930211452563],[80.98641933400141,21.34098050604298],[80.99526232194862,21.34291472776677],[81.00415134971725,21.36661744185485],[81.01052455615284,21.3636253039369],[81.01202396397599,21.35162476146244],[81.01908655183576,21.34760165450027],[81.02006383325617,21.35653586519287],[81.0383783918945,21.35125749353598],[81.05271221217939,21.3614128123853],[81.07608025131313,21.36396687976648],[81.07298545972662,21.35232160039132],[81.0920399890527,21.35258751477029],[81.1033460764788,21.34127546461083],[81.13524153261164,21.34607704284691],[81.17056405212867,21.36017287463456],[81.1881930516295,21.3604417244522]]]},"properties":{"ST_NAME":"Chhattisgarh","DIST_NAME":"Rajnandgaon"}},{"type":"Feature","geometry":{"type":"Polygon","coordinates":[[[80.82097933972265,20.76040758335142],[80.81724297244794,20.75627026267694],[80.8190629102875,20.74433601334887],[80.80312705160098,20.72281528296231],[80.81655336842825,20.68865949646601],[80.82766031824839,20.68399445587509],[80.85885335636367,20.68946990347937],[80.85503952299358,20.6704860298638],[80.86323165184437,20.66525234401044],[80.87263808015724,20.66695597482217],[80.88391331130092,20.65533546267121],[80.90934532459063,20.66557739161605],[80.91181790059113,20.64825628472067],[80.9198502675914,20.64914911736915],[80.92734944715707,20.66736303281716],[80.93902742594862,20.66403781924884],[80.94908952059221,20.66850030021882],[80.96040289321007,20.66472826540801],[80.95269865435013,20.64223251352993],[80.95812984977137,20.63004378002625],[80.9679475039963,20.63004405721815],[80.97070160400379,20.62320830392695],[80.97626261624893,20.62268091726191],[80.978856598219,20.61341155449613],[80.99171038877331,20.61184923842161],[80.9923582028292,20.60564386713369],[81.00656677834257,20.59829930002551],[81.00361669428008,20.5847212200728],[81.00663204698968,20.57391995111767],[80.99431939915675,20.56385317173767],[80.98853769728164,20.56740857481461],[80.98515736442474,20.55840017999367],[80.98958236035607,20.54385034062939],[80.95402656483796,20.54071246146055],[80.96074723572465,20.5072750503119],[80.97617208394092,20.50828616746477],[80.97997129217404,20.50063750178145],[80.9855645813377,20.49935951823343],[80.98130347056627,20.48250211401177],[80.99194573459587,20.45935799266778],[80.98963868228856,20.45290480962582],[80.98019326550795,20.4506016431139],[80.97971442064436,20.44467459194626],[80.9664109936123,20.43681349172768],[80.95766695467123,20.43498156277184],[80.94506867260989,20.44178686552142],[80.93106641744319,20.43726572883597],[80.90381778909959,20.4004942192716],[80.89304565433841,20.39711276607177],[80.88692275586195,20.38707521656596],[80.87123585446697,20.38377386862456],[80.86018723052922,20.38772967934159],[80.84773654039815,20.34834607705217],[80.83571106127339,20.34930775582743],[80.82345715470147,20.35871030186082],[80.81304415808161,20.35583398156267],[80.82637574649007,20.34118182095688],[80.82226316739637,20.33131190508621],[80.82838387427181,20.32388778147764],[80.83021581837109,20.31008393301209],[80.82513582105064,20.30073428817899],[80.7892924547471,20.28226516992951],[80.78109907780919,20.2848369753174],[80.77601083454252,20.29419685668792],[80.76000011250827,20.28894152196244],[80.74967088121343,20.29135135912819],[80.7469332601971,20.27553395462112],[80.72865574969632,20.26787403389681],[80.72973847159416,20.25065043801416],[80.73632139687429,20.23945853502188],[80.7268092249912,20.20545335316935],[80.71318536105392,20.18967084712201],[80.68949554385473,20.19084454405909],[80.66662904011908,20.22216058123359],[80.65419432947559,20.22641211219719],[80.64436900836316,20.21919854422156],[80.64216467723078,20.20497660212217],[80.61313855543283,20.18456008091463],[80.60808056844904,20.18700071392429],[80.58415874374096,20.17755063229402],[80.56716241407601,20.18908019537139],[80.5686425779419,20.15466937761257],[80.56372181156976,20.13472757420627],[80.5521114154147,20.11810958631352],[80.53038604519723,20.13186440736938],[80.51237532011437,20.13595438251454],[80.50534175981917,20.1445466245735],[80.48482145793389,20.14388098255501],[80.46047159850978,20.15086246457679],[80.45480397544016,20.14562504086205],[80.45552868200558,20.1380097830879],[80.43379548375378,20.13526660839009],[80.40203075567756,20.14705192869497],[80.38851306331203,20.16493644448125],[80.39653788384256,20.17366292953714],[80.40051211374453,20.18948617819319],[80.42108604779362,20.19614965896816],[80.42213044813253,20.206714224522],[80.40531774506422,20.21818185317558],[80.39494988346554,20.24357040449651],[80.42444452277037,20.25265305842926],[80.4520352683679,20.25825113541635],[80.46148616172154,20.26834683992194],[80.48167333993779,20.27522589394655],[80.49748459585388,20.27505270400263],[80.51870194424899,20.26613226132091],[80.5444029122095,20.29455444710834],[80.5494868375528,20.30897845309776],[80.58881727278977,20.31802542111364],[80.61046207105343,20.31861468810445],[80.62565907388151,20.33048346003159],[80.61502102320642,20.35157407463021],[80.61068986221164,20.37504251697317],[80.59423128060135,20.38553792578876],[80.59149338139397,20.3931550909747],[80.60027784977554,20.41808406174423],[80.6137297313702,20.43484536497108],[80.60199801969594,20.44879746419219],[80.61248858088571,20.46238453605206],[80.61917038006312,20.50499913302349],[80.6213821358558,20.53273642489234],[80.61544631485094,20.54987779023715],[80.62422713523915,20.5556362279964],[80.62666823667293,20.56375460903719],[80.62106183116474,20.57027127960987],[80.62572949970045,20.57791601394315],[80.61746016858228,20.58547949344126],[80.63185476153774,20.5982774925869],[80.61196745273838,20.60060361861175],[80.60057097993031,20.60903277668125],[80.5777695778572,20.60793245598268],[80.56420619011304,20.60365407927923],[80.55778367486742,20.59450164548853],[80.5384914244037,20.58484438720268],[80.52157856457163,20.58044320000461],[80.50441499997798,20.58311411281382],[80.5021338954293,20.5951924951709],[80.4809921057331,20.61851989838602],[80.48929461273131,20.63347153748886],[80.52102109787162,20.65719564552059],[80.54502073330514,20.66036600030384],[80.55893418785548,20.67078976100334],[80.57988978875267,20.67278244872743],[80.58720518304033,20.68221541898045],[80.58124740127292,20.69797344806282],[80.56498313389832,20.71097955252039],[80.55998725055252,20.72590942561337],[80.56279323948097,20.74696875378941],[80.55205025950491,20.76205278829412],[80.5521056371091,20.78081906979976],[80.59585869737182,20.78610270932097],[80.61292945353419,20.77079464858274],[80.62161092034388,20.76822706331189],[80.64186041634682,20.7714048889631],[80.64465516663053,20.77986570146269],[80.65825367320757,20.78705442663152],[80.6732171590875,20.78188068594962],[80.68131916499645,20.77176925247473],[80.69026989573315,20.77101545923787],[80.69632108617223,20.76341240408125],[80.71030325847474,20.76394399677433],[80.72227320604104,20.7585488197157],[80.73051803468691,20.77165429647048],[80.74221597627536,20.77365468270834],[80.74930274525639,20.75924394068412],[80.7611628479473,20.76695473567249],[80.77032539877543,20.76277987165323],[80.77282165318512,20.77384553887707],[80.78976534774883,20.77229805014147],[80.79264069757606,20.77938852272791],[80.80830719643782,20.77989924175371],[80.81707543514472,20.77614257766835],[80.82097933972265,20.76040758335142]]]},"properties":{"ST_NAME":"Chhattisgarh","DIST_NAME":"Mohla-Manpur-Ambagarh Chowki"}},{"type":"Feature","geometry":{"type":"Polygon","coordinates":[[[81.41916248651157,20.15723439607024],[81.418834617783,20.14872132780175],[81.40121375129456,20.11651006456622],[81.40450747549731,20.07955402089189],[81.38732178330257,20.05538959489592],[81.38794776591023,20.0485425558943],[81.3589643049149,20.04778865952759],[81.35574476351381,20.03577254102816],[81.34041090802945,20.03844655741262],[81.31004331659462,20.02186532430691],[81.29191190387752,20.02111957867343],[81.29178506268102,20.00999363276083],[81.3019875203636,20.00040434861407],[81.30193493645794,19.97610346859415],[81.33035141062372,19.96489907073724],[81.33141426176357,19.94847769663874],[81.32657479917701,19.93876848944083],[81.34409228079471,19.93070109440492],[81.34896097547967,19.91322866102622],[81.3625920372623,19.91361854054409],[81.37568634737372,19.90752393929037],[81.40552847856084,19.88073381140815],[81.40237810238885,19.86788036473932],[81.38840719498063,19.86502429106169],[81.37741257924115,19.85356924214089],[81.39576031841483,19.83645819679883],[81.3442605023655,19.83252531529572],[81.31503124502115,19.80301383864233],[81.30004109420821,19.79901016412996],[81.24253893896821,19.80611697087337],[81.19900319589232,19.78001059962535],[81.19056003269021,19.7801692976768],[81.17707736118327,19.803249018251],[81.16445797607979,19.80343935068091],[81.1360596668361,19.78610830828713],[81.13222657836258,19.76913926471185],[81.15312636929565,19.7167908855143],[81.13864726042507,19.69126850904356],[81.1106766605694,19.68716116360701],[81.08413801250657,19.69195078852722],[81.06543670006488,19.70660211139094],[81.03678581138436,19.76487268796754],[81.00321162652747,19.80929700990238],[80.95564063653256,19.79451789665996],[80.94622038160699,19.80330123113505],[80.91321389571125,19.87564237456486],[80.89666119480022,19.91623762238202],[80.90611856845297,19.92857829424096],[80.87627420334337,19.93574587538774],[80.8518154015043,19.94955120883271],[80.85179933444788,19.93181526334417],[80.83288103409913,19.90563878876779],[80.81108239558647,19.89978579038997],[80.79572940083801,19.88314389884554],[80.75560789161493,19.86552482981108],[80.72781558331847,19.83816410938605],[80.72347240956651,19.81431810582708],[80.70999907679227,19.80032439901081],[80.72085250777312,19.79668866444753],[80.72893109086304,19.79996020974773],[80.73366701235798,19.81445234922698],[80.74854835114284,19.81915669301949],[80.77730163219972,19.83812195067304],[80.81463679414988,19.82974509029298],[80.82056775483821,19.8152863435655],[80.79390879347548,19.80587451515283],[80.78398440597358,19.78561994260454],[80.77308582398575,19.79762152583575],[80.77419431248519,19.80469106986892],[80.75879149549475,19.80289899481753],[80.72673501330948,19.78949386525703],[80.71384527583564,19.77522218619262],[80.7097779066261,19.75870291830085],[80.71073057131805,19.73719811200418],[80.72400903080916,19.69873041973336],[80.7074155378655,19.70101258382375],[80.67321784105263,19.69289135584954],[80.67148190750396,19.70149735737462],[80.6500589894942,19.71150853899464],[80.64033625196042,19.72511340523291],[80.62716184441082,19.72551259240536],[80.61067251997585,19.73826984074047],[80.58623430219909,19.74118181918503],[80.57121937322701,19.75934947675149],[80.55243483260442,19.76571457491681],[80.5426088687271,19.77971503933178],[80.54747691409855,19.79464038583706],[80.54630159853583,19.81808482455677],[80.5205738140595,19.83162982165998],[80.48108169247732,19.82749526302087],[80.4693019159144,19.81067442796356],[80.47575594776934,19.80367436498318],[80.48511093097237,19.8020056622373],[80.49012390535164,19.78991239363622],[80.48890535761898,19.76990310279038],[80.46441159943518,19.79564945571452],[80.44954456830008,19.78973264885908],[80.42476782689727,19.79891847766795],[80.40156891319866,19.79616009240332],[80.40762782525864,19.80532217486831],[80.40264607391568,19.81636228761324],[80.4208799037135,19.81355557449397],[80.43003094089143,19.80716610882488],[80.4402058881113,19.81006892226677],[80.46879281684656,19.82647677688983],[80.4725575368761,19.8364766328818],[80.47896152100205,19.83970566983228],[80.48591937441287,19.86314082840887],[80.50572665975174,19.8704882758589],[80.49990069288891,19.89026571180931],[80.49131097445272,19.90190175474138],[80.468339833896,19.90734999571379],[80.45055528783658,19.89630219088937],[80.41423169171452,19.90714060466391],[80.40800907416421,19.91278468129501],[80.41266110523765,19.92408775657775],[80.41138901077352,19.93828012757212],[80.43179551573367,19.94136159892657],[80.45243075116949,19.95746443315712],[80.46597215354375,19.94824174800166],[80.47346079636684,19.95067722660619],[80.47997741382312,19.93514321227573],[80.48870549896385,19.93054158742985],[80.50463185141875,19.92837270563227],[80.52307858455704,19.93350812055497],[80.52989791539072,19.93948153625014],[80.53155907947219,19.9485849083186],[80.53864915690085,19.95191038354823],[80.53737171542164,19.97354618429375],[80.54902911893448,19.98418589887086],[80.54983268605255,20.00068094707208],[80.5433225684325,20.01218656140211],[80.5508228662045,20.04149228647923],[80.54904626513182,20.0548094044949],[80.55666595830877,20.07063540960996],[80.543987619855,20.09546186500714],[80.5521114154147,20.11810958631352],[80.56372181156976,20.13472757420627],[80.5686425779419,20.15466937761257],[80.56716241407601,20.18908019537139],[80.58415874374096,20.17755063229402],[80.60808056844904,20.18700071392429],[80.61313855543283,20.18456008091463],[80.64216467723078,20.20497660212217],[80.64436900836316,20.21919854422156],[80.65419432947559,20.22641211219719],[80.66662904011908,20.22216058123359],[80.68949554385473,20.19084454405909],[80.71318536105392,20.18967084712201],[80.7268092249912,20.20545335316935],[80.73632139687429,20.23945853502188],[80.72973847159416,20.25065043801416],[80.72865574969632,20.26787403389681],[80.7469332601971,20.27553395462112],[80.74967088121343,20.29135135912819],[80.76000011250827,20.28894152196244],[80.77601083454252,20.29419685668792],[80.78109907780919,20.2848369753174],[80.7892924547471,20.28226516992951],[80.82513582105064,20.30073428817899],[80.83021581837109,20.31008393301209],[80.82838387427181,20.32388778147764],[80.82226316739637,20.33131190508621],[80.82637574649007,20.34118182095688],[80.81304415808161,20.35583398156267],[80.82345715470147,20.35871030186082],[80.83571106127339,20.34930775582743],[80.84773654039815,20.34834607705217],[80.86018723052922,20.38772967934159],[80.87123585446697,20.38377386862456],[80.88692275586195,20.38707521656596],[80.89304565433841,20.39711276607177],[80.90381778909959,20.4004942192716],[80.93106641744319,20.43726572883597],[80.94506867260989,20.44178686552142],[80.95766695467123,20.43498156277184],[80.9664109936123,20.43681349172768],[80.97971442064436,20.44467459194626],[80.98019326550795,20.4506016431139],[80.98963868228856,20.45290480962582],[80.99194573459587,20.45935799266778],[80.99829080547048,20.4527458763917],[81.02333543760342,20.44273657137466],[81.0382636214145,20.42479807927046],[81.08104813408663,20.41632931104629],[81.15076996700985,20.3778043063088],[81.17355732391941,20.40584147858639],[81.22150060795121,20.41830145644256],[81.22596022414517,20.43107059002511],[81.23515838459414,20.43169152470766],[81.23666878372708,20.44404997810896],[81.24235755570919,20.44056084449575],[81.25279596955099,20.4454004561009],[81.24973609793308,20.45605907633584],[81.26354508353339,20.48188740677491],[81.25412607118392,20.49910675277024],[81.27274194840531,20.51171674395254],[81.28777133337073,20.51303400349922],[81.30486094025869,20.53080066714619],[81.30929119363374,20.54726048232341],[81.3201124602396,20.55880810919578],[81.33401240176583,20.55067743987528],[81.35220498447993,20.55176323620557],[81.3641533190655,20.53778910602096],[81.38663756943514,20.5335038351327],[81.40052094205365,20.54998913336145],[81.41030620209698,20.55261320819553],[81.41078433077277,20.52626201664298],[81.42421670706165,20.5164018807282],[81.43689072135798,20.51920652049112],[81.48696223763717,20.51311127941654],[81.49341476664743,20.52080562107062],[81.50297019029138,20.51987339744382],[81.50507484589815,20.50217271917742],[81.51274298375378,20.49456142886671],[81.52355131176915,20.49336190142332],[81.53798335967235,20.5006208384815],[81.54107858917862,20.51499440300277],[81.55753615369325,20.51366483776225],[81.57333555972647,20.51887284186048],[81.6005772068899,20.51834943766112],[81.60712677232755,20.51203592308815],[81.61671684579858,20.51677572625736],[81.63903428035464,20.50575811956079],[81.64053693830022,20.50451351096303],[81.64074606267098,20.4957441989564],[81.65963384225586,20.49819417941107],[81.69059968794117,20.48205550208173],[81.73411375054155,20.4822061923522],[81.73105528699976,20.47166682000402],[81.73952397136009,20.46372837714701],[81.73319499591088,20.42580095220809],[81.75166319984022,20.3951538507462],[81.76674049026133,20.38786432862966],[81.76263130712474,20.35598699740487],[81.7712004240689,20.35228728610514],[81.78149981789174,20.3557067792748],[81.78384869437112,20.34323889423338],[81.79456837565594,20.32671018509434],[81.79290800639563,20.32191001215436],[81.7758802143951,20.32073957086623],[81.77331073425074,20.31157095627569],[81.7615717971315,20.31003108512984],[81.75862321437982,20.29294169871922],[81.7617021046023,20.28485205235666],[81.77217153627423,20.28036267919573],[81.78738876295918,20.29023226008931],[81.79099829241781,20.27577426787279],[81.79945797179083,20.26476464078882],[81.79907763569268,20.2569558737902],[81.78434935363278,20.26126508827861],[81.77429108283768,20.23190670056321],[81.78065047757111,20.22843680583025],[81.78435048602475,20.21088903333398],[81.79928777243413,20.21523849133993],[81.8106976209892,20.19090051286741],[81.81191684911894,20.16949231527085],[81.80233865865003,20.16156321564557],[81.78280062365509,20.15804295544918],[81.7482851553517,20.16332787634345],[81.72973094707834,20.15763875654672],[81.7188139094654,20.13941050902437],[81.67905352803167,20.1300026349333],[81.64216856907508,20.14221476211101],[81.61235202535805,20.15817306611541],[81.61030066566437,20.16771709672769],[81.59605983869655,20.17863845814436],[81.58439773085017,20.19549371793955],[81.55064208822189,20.19001812853407],[81.51647652097478,20.1671465675956],[81.469666901372,20.15845464392457],[81.45018255812958,20.1464998843998],[81.41916248651157,20.15723439607024]]]},"properties":{"ST_NAME":"Chhattisgarh","DIST_NAME":"Kanker"}},{"type":"Feature","geometry":{"type":"Polygon","coordinates":[[[81.81191684911894,20.16949231527085],[81.82373514565565,20.17109246416744],[81.84511332607542,20.16547355689603],[81.8452827768115,20.11269791509093],[81.868219997817,20.08946005720265],[81.86958076888833,20.0558630189606],[81.87935065521158,20.05081628600876],[81.8659828617103,20.02831137975443],[81.8549681951246,19.97168217513089],[81.84522846269753,19.95174942401044],[81.85712304338223,19.94724798505306],[81.85358314281346,19.91834157960004],[81.86964780021522,19.90231743911254],[81.88863932376707,19.8927185736682],[81.96859139400249,19.85967296832563],[81.96558289564983,19.83644966695562],[81.98629509495096,19.80073484949129],[81.99574456232494,19.79634918708841],[82.00940845006006,19.80417181029454],[82.04865661989183,19.79669886089344],[82.0524590587733,19.79243191380468],[82.05947311545971,19.79644921888788],[82.06468895147066,19.78998884231174],[82.06077191755399,19.76571536391657],[82.06447233390563,19.7588320286554],[82.05098311809788,19.74734081872363],[82.05046202387956,19.71692062395491],[82.04437632263429,19.70883525805791],[82.05282868434291,19.67613401083332],[82.05556670828926,19.66591477961629],[82.05177709127537,19.65942900712595],[82.05593268079518,19.65416001759705],[82.05226409832649,19.64643638869687],[82.05924624017516,19.62882646214153],[82.05070967819033,19.61663335407687],[82.05159337604196,19.60807824961741],[82.04452451824083,19.60553472989341],[82.0397757001009,19.59700546458869],[82.0491016917233,19.57775557894804],[82.04537993078927,19.55961805565234],[82.05054307960218,19.5486452263278],[82.04773217247246,19.5326115705511],[82.0372672989154,19.52740519041321],[82.03154668702395,19.50777631158254],[82.00403765759258,19.49347358671058],[81.99384351635545,19.52618432872858],[81.96401018183701,19.53818990199722],[81.94082048575117,19.53751406607394],[81.91023339647302,19.52285460828382],[81.8959637131288,19.52729782513967],[81.8896875423247,19.54595940007868],[81.8508194417884,19.54764635326376],[81.84264746525913,19.53952467683362],[81.8420277071022,19.52075008205155],[81.85837479579429,19.50749165267988],[81.8568661423558,19.47910955932413],[81.85332841254584,19.4762289240966],[81.82674349345706,19.49811201774385],[81.81966157396083,19.49388184913989],[81.81562386548606,19.46928196135689],[81.79779592285728,19.45174116464246],[81.7987216801883,19.42201365891511],[81.81061039836248,19.40654835953805],[81.80712622778815,19.38276324633377],[81.79798888785531,19.36709628580596],[81.76645344046749,19.36722084314195],[81.73430062881343,19.38707800186576],[81.71148371592041,19.37428933509854],[81.67752345188177,19.37447635127426],[81.67026535948548,19.36629379448374],[81.64510530897846,19.3641750271454],[81.63320014670296,19.3093701376605],[81.65104260508467,19.29139313863741],[81.6773187270376,19.28624506375663],[81.66506300442953,19.27736004406177],[81.64782797661539,19.27861704854769],[81.62298363527992,19.29872101745497],[81.62434059901511,19.34120648097884],[81.61562899102584,19.34026578257143],[81.60849719395577,19.32183247946697],[81.60165252397205,19.31971243845223],[81.5778429895221,19.3533272364873],[81.60186674030668,19.3741498399122],[81.6125342167733,19.39466036477135],[81.61668993950427,19.39632544080646],[81.62169580000871,19.39173601687663],[81.63485491276418,19.4088719698752],[81.62707152559719,19.42535542888514],[81.63285186667024,19.43998107156751],[81.6381407040546,19.44347500843215],[81.6569624805957,19.44010662702501],[81.66899431006061,19.46019312405554],[81.68667593103379,19.46214775853034],[81.69935847112335,19.46919579872059],[81.67323360847874,19.49022669472713],[81.66634283244552,19.4896188949533],[81.65447487417312,19.50411677993609],[81.64385213957462,19.50794366829271],[81.63653318835514,19.52693725391627],[81.6229267242578,19.51696120957285],[81.60398466445224,19.53205626961859],[81.58691581601205,19.53258721813073],[81.58226604991928,19.5378065063195],[81.58118298556597,19.54217120559381],[81.61723126733672,19.5446707293333],[81.62634425974994,19.55064745803204],[81.63073791804554,19.56710106725636],[81.62703600193093,19.57535570428282],[81.63204107145621,19.58084767634167],[81.60317123928631,19.58458197837997],[81.58051762966898,19.57899534030737],[81.5635502061929,19.58629638244279],[81.55576646768037,19.58545570406277],[81.55359947930933,19.57770648382111],[81.56073607920354,19.56114143615069],[81.53802427550106,19.55968305424335],[81.53653210691019,19.53797600090699],[81.52199953103474,19.53848903476665],[81.51656777653393,19.53479374742498],[81.47926939163236,19.56554877106909],[81.4717860239092,19.56730093507267],[81.47032768395647,19.5611503670181],[81.46452563408052,19.56202745358065],[81.46278288148767,19.56646598072294],[81.44430306025262,19.57330230869053],[81.44844947938779,19.61916870942696],[81.47188726712254,19.63335768456514],[81.47566478556222,19.65100736212874],[81.50797191140525,19.64892693654284],[81.51010535146608,19.66013051298667],[81.46899291794807,19.66420592780705],[81.46389219002057,19.68223220437559],[81.44701179385777,19.67843224723263],[81.44190687295328,19.68443305218726],[81.44422437011845,19.70120285800808],[81.46655147254597,19.70367004366722],[81.4591265134439,19.71958696364889],[81.45297193389982,19.7527185187475],[81.44834961879415,19.72350373643268],[81.36474871540496,19.73318197524276],[81.35134352243506,19.74127248667728],[81.34485289462694,19.80655609613001],[81.39576031841483,19.83645819679883],[81.37741257924115,19.85356924214089],[81.38840719498063,19.86502429106169],[81.40237810238885,19.86788036473932],[81.40552847856084,19.88073381140815],[81.37568634737372,19.90752393929037],[81.3625920372623,19.91361854054409],[81.34896097547967,19.91322866102622],[81.34409228079471,19.93070109440492],[81.32657479917701,19.93876848944083],[81.33141426176357,19.94847769663874],[81.33035141062372,19.96489907073724],[81.30193493645794,19.97610346859415],[81.3019875203636,20.00040434861407],[81.29178506268102,20.00999363276083],[81.29191190387752,20.02111957867343],[81.31004331659462,20.02186532430691],[81.34041090802945,20.03844655741262],[81.35574476351381,20.03577254102816],[81.3589643049149,20.04778865952759],[81.38794776591023,20.0485425558943],[81.38732178330257,20.05538959489592],[81.40450747549731,20.07955402089189],[81.40121375129456,20.11651006456622],[81.418834617783,20.14872132780175],[81.41916248651157,20.15723439607024],[81.45018255812958,20.1464998843998],[81.469666901372,20.15845464392457],[81.51647652097478,20.1671465675956],[81.55064208822189,20.19001812853407],[81.58439773085017,20.19549371793955],[81.59605983869655,20.17863845814436],[81.61030066566437,20.16771709672769],[81.61235202535805,20.15817306611541],[81.64216856907508,20.14221476211101],[81.67905352803167,20.1300026349333],[81.7188139094654,20.13941050902437],[81.72973094707834,20.15763875654672],[81.7482851553517,20.16332787634345],[81.78280062365509,20.15804295544918],[81.80233865865003,20.16156321564557],[81.81191684911894,20.16949231527085]]]},"properties":{"ST_NAME":"Chhattisgarh","DIST_NAME":"Kondagaon"}},{"type":"Feature","geometry":{"type":"Polygon","coordinates":[[[81.39576031841483,19.83645819679883],[81.34485289462694,19.80655609613001],[81.35134352243506,19.74127248667728],[81.36474871540496,19.73318197524276],[81.44834961879415,19.72350373643268],[81.45297193389982,19.7527185187475],[81.4591265134439,19.71958696364889],[81.46655147254597,19.70367004366722],[81.44422437011845,19.70120285800808],[81.44190687295328,19.68443305218726],[81.44701179385777,19.67843224723263],[81.46389219002057,19.68223220437559],[81.46899291794807,19.66420592780705],[81.51010535146608,19.66013051298667],[81.50797191140525,19.64892693654284],[81.47566478556222,19.65100736212874],[81.47188726712254,19.63335768456514],[81.44844947938779,19.61916870942696],[81.44430306025262,19.57330230869053],[81.46278288148767,19.56646598072294],[81.46452563408052,19.56202745358065],[81.47032768395647,19.5611503670181],[81.4717860239092,19.56730093507267],[81.47926939163236,19.56554877106909],[81.51656777653393,19.53479374742498],[81.52199953103474,19.53848903476665],[81.53653210691019,19.53797600090699],[81.53802427550106,19.55968305424335],[81.56073607920354,19.56114143615069],[81.55359947930933,19.57770648382111],[81.55576646768037,19.58545570406277],[81.5635502061929,19.58629638244279],[81.58051762966898,19.57899534030737],[81.60317123928631,19.58458197837997],[81.63204107145621,19.58084767634167],[81.62703600193093,19.57535570428282],[81.63073791804554,19.56710106725636],[81.62634425974994,19.55064745803204],[81.61723126733672,19.5446707293333],[81.58118298556597,19.54217120559381],[81.58226604991928,19.5378065063195],[81.58691581601205,19.53258721813073],[81.60398466445224,19.53205626961859],[81.6229267242578,19.51696120957285],[81.63653318835514,19.52693725391627],[81.64385213957462,19.50794366829271],[81.65447487417312,19.50411677993609],[81.66634283244552,19.4896188949533],[81.67323360847874,19.49022669472713],[81.69935847112335,19.46919579872059],[81.68667593103379,19.46214775853034],[81.66899431006061,19.46019312405554],[81.6569624805957,19.44010662702501],[81.6381407040546,19.44347500843215],[81.63285186667024,19.43998107156751],[81.62707152559719,19.42535542888514],[81.63485491276418,19.4088719698752],[81.62169580000871,19.39173601687663],[81.61668993950427,19.39632544080646],[81.6125342167733,19.39466036477135],[81.60186674030668,19.3741498399122],[81.5778429895221,19.3533272364873],[81.60165252397205,19.31971243845223],[81.60849719395577,19.32183247946697],[81.61562899102584,19.34026578257143],[81.62434059901511,19.34120648097884],[81.62298363527992,19.29872101745497],[81.64782797661539,19.27861704854769],[81.66506300442953,19.27736004406177],[81.6773187270376,19.28624506375663],[81.65104260508467,19.29139313863741],[81.63320014670296,19.3093701376605],[81.64510530897846,19.3641750271454],[81.67026535948548,19.36629379448374],[81.67752345188177,19.37447635127426],[81.71148371592041,19.37428933509854],[81.73430062881343,19.38707800186576],[81.76645344046749,19.36722084314195],[81.79798888785531,19.36709628580596],[81.80712622778815,19.38276324633377],[81.81061039836248,19.40654835953805],[81.7987216801883,19.42201365891511],[81.79779592285728,19.45174116464246],[81.81562386548606,19.46928196135689],[81.81966157396083,19.49388184913989],[81.82674349345706,19.49811201774385],[81.85332841254584,19.4762289240966],[81.8568661423558,19.47910955932413],[81.91144700830496,19.45632036537603],[81.92394837782922,19.46977607189008],[81.92809131647365,19.4480576174863],[81.94005026280183,19.45846799549151],[81.94196352887154,19.4479753821436],[81.93582419775888,19.42172731955936],[81.93843248103614,19.39643664527626],[81.95234487477475,19.39070077692084],[81.95920084051775,19.38173946824749],[81.93834384795248,19.37066003416148],[81.93972944335619,19.35028584674486],[81.93476852008715,19.33778981039714],[81.92001608523239,19.32838005157973],[81.90845012471252,19.32842953322494],[81.89474440604452,19.31081992043393],[81.89718091569205,19.26930559345754],[81.88568758992905,19.2681068298614],[81.88410352972825,19.25213178681064],[81.87672469791958,19.24390773465162],[81.86569174985883,19.27049114147402],[81.8573764814097,19.26899576652571],[81.85025697164365,19.27380145927639],[81.83949221038658,19.26477067829788],[81.83747420674591,19.25546447271519],[81.82047254328805,19.24914229426972],[81.8241910992648,19.24631981030074],[81.82246169210124,19.24000961752774],[81.80600164465034,19.23450490351475],[81.8073414040502,19.22797712073168],[81.78748153671101,19.22446072224878],[81.78283506241557,19.2264074115021],[81.78560131629578,19.23666888595656],[81.78236562377806,19.23871289882737],[81.77530140991999,19.24160041429592],[81.76660091630787,19.23670664037643],[81.76094499679836,19.22696812021311],[81.76488898344635,19.21239597185354],[81.74677698936763,19.21339208682545],[81.7345018897439,19.20679985265594],[81.72916311058513,19.21048924601668],[81.71177418229428,19.20951292310476],[81.7114285138931,19.22810663193756],[81.68317374158455,19.24401406746141],[81.6894084615507,19.20159201740761],[81.66574346197967,19.1833827686677],[81.64920127279974,19.18206936848723],[81.63066514909973,19.1895507232285],[81.61853232443572,19.20322114439743],[81.61640598483872,19.21002503156588],[81.63044521410369,19.21937916795594],[81.62974004234682,19.22841011663934],[81.61828305872133,19.26741915476595],[81.57696542235517,19.27471018064032],[81.56689778768873,19.28301655574807],[81.54518083138963,19.26019486852052],[81.53660064791016,19.22958352844433],[81.50988790742909,19.22680370400619],[81.48559209393268,19.2336410566646],[81.42724814133179,19.2695775091745],[81.383197321383,19.27315739295536],[81.35655248924326,19.28047850716842],[81.35777241961988,19.29579259722584],[81.37352101184601,19.2996422311046],[81.37710082231978,19.30507180441621],[81.37248146368908,19.31328142139281],[81.36332227608399,19.31669058316892],[81.35680903708216,19.32923534942043],[81.35701290986049,19.32405001749364],[81.34364491351894,19.32024007925091],[81.32003753953681,19.33290862287216],[81.28603202454343,19.33612814418263],[81.27127352084142,19.32488828879777],[81.25463555103474,19.32743768091911],[81.23078876854294,19.32177833817351],[81.22187054235076,19.28967046517308],[81.19490400092559,19.28834066250694],[81.18627532875342,19.27500037424008],[81.16720754452729,19.27190088468782],[81.15944886107742,19.29615927504237],[81.14203050051307,19.29901865344513],[81.14143084888782,19.27828952591257],[81.14661082869868,19.25926097511214],[81.13896119039646,19.25689125504206],[81.1176145872459,19.26252078805184],[81.11216510059965,19.2752497651388],[81.0963166116699,19.27732911199487],[81.08322838259846,19.27041909776035],[81.07429951325554,19.27429950697029],[81.07022972536224,19.2678599439288],[81.07137501997337,19.25086111221873],[81.07865885932868,19.23627111463748],[81.07229300186721,19.23157371396508],[81.05498578608388,19.22696506602584],[81.036971526787,19.22809323859558],[81.02406790866985,19.23953478716704],[81.01706019379301,19.23279918659993],[81.00308758262109,19.23560626664458],[80.99090582495096,19.23272436238732],[80.99089403867252,19.22851653729105],[80.96923147767248,19.22691662376734],[80.97431157696798,19.24973891668073],[80.96419362594456,19.27632678423016],[80.95625429433238,19.27604610486475],[80.96659317530386,19.30088486068544],[80.95928399841557,19.31499412640866],[80.93154714574996,19.32256241891699],[80.92102909478602,19.32189276821195],[80.91827907113712,19.31715251211285],[80.91008032880757,19.32171166173869],[80.90408148112279,19.31671189816638],[80.89331297987708,19.32154152638441],[80.89538194956064,19.32944088942425],[80.89095258248385,19.33833072291942],[80.84713827999053,19.34274902704831],[80.8406690441637,19.33636995624648],[80.83277630800772,19.34935336316913],[80.84646068427551,19.3556939020927],[80.8525716830925,19.36407217516036],[80.85014594241566,19.36920554734956],[80.81689366494376,19.3845545450513],[80.81294939569015,19.40546653644902],[80.80419142584319,19.41174376263242],[80.80422911069435,19.41943721732231],[80.79551781912693,19.43140086637707],[80.81177393908007,19.43277073225163],[80.84206676688281,19.44678851134873],[80.86434954621565,19.44366913859284],[80.8811460773483,19.45085986855907],[80.89453417412568,19.46792135557478],[80.89818062771494,19.48064458655208],[80.8929485205123,19.50226229190988],[80.89489000599104,19.51962017285487],[80.88398871835288,19.5260259845645],[80.87342689550252,19.5187607206772],[80.85604892696763,19.52309318851948],[80.84321579430554,19.53948565155687],[80.83433082251814,19.56683759224219],[80.81601415801691,19.57098148343462],[80.79146197552348,19.56081093153237],[80.77536622198862,19.56246690935346],[80.76712007428027,19.57498381674292],[80.76775631362968,19.58861939282965],[80.71919049236314,19.61542044973768],[80.66583966600224,19.61147250863871],[80.66266777388665,19.62278513389994],[80.67321784105263,19.69289135584954],[80.7074155378655,19.70101258382375],[80.72400903080916,19.69873041973336],[80.71073057131805,19.73719811200418],[80.7097779066261,19.75870291830085],[80.71384527583564,19.77522218619262],[80.72673501330948,19.78949386525703],[80.75879149549475,19.80289899481753],[80.77419431248519,19.80469106986892],[80.77308582398575,19.79762152583575],[80.78398440597358,19.78561994260454],[80.79390879347548,19.80587451515283],[80.82056775483821,19.8152863435655],[80.81463679414988,19.82974509029298],[80.77730163219972,19.83812195067304],[80.74854835114284,19.81915669301949],[80.73366701235798,19.81445234922698],[80.72893109086304,19.79996020974773],[80.72085250777312,19.79668866444753],[80.70999907679227,19.80032439901081],[80.72347240956651,19.81431810582708],[80.72781558331847,19.83816410938605],[80.75560789161493,19.86552482981108],[80.79572940083801,19.88314389884554],[80.81108239558647,19.89978579038997],[80.83288103409913,19.90563878876779],[80.85179933444788,19.93181526334417],[80.8518154015043,19.94955120883271],[80.87627420334337,19.93574587538774],[80.90611856845297,19.92857829424096],[80.89666119480022,19.91623762238202],[80.91321389571125,19.87564237456486],[80.94622038160699,19.80330123113505],[80.95564063653256,19.79451789665996],[81.00321162652747,19.80929700990238],[81.03678581138436,19.76487268796754],[81.06543670006488,19.70660211139094],[81.08413801250657,19.69195078852722],[81.1106766605694,19.68716116360701],[81.13864726042507,19.69126850904356],[81.15312636929565,19.7167908855143],[81.13222657836258,19.76913926471185],[81.1360596668361,19.78610830828713],[81.16445797607979,19.80343935068091],[81.17707736118327,19.803249018251],[81.19056003269021,19.7801692976768],[81.19900319589232,19.78001059962535],[81.24253893896821,19.80611697087337],[81.30004109420821,19.79901016412996],[81.31503124502115,19.80301383864233],[81.3442605023655,19.83252531529572],[81.39576031841483,19.83645819679883]]]},"properties":{"ST_NAME":"Chhattisgarh","DIST_NAME":"Narayanpur"}},{"type":"Feature","geometry":{"type":"MultiPolygon","coordinates":[[[[82.03154668702395,19.50777631158254],[82.06593532066842,19.51068387296308],[82.0759250377122,19.52383253878185],[82.09987986046868,19.51681929972366],[82.09780227665323,19.49916325416259],[82.10812363015732,19.49446144777308],[82.10272995736553,19.46624694574636],[82.11331899601596,19.46069060958132],[82.11339456903424,19.44853702834065],[82.12591369970959,19.42934880651768],[82.16844029824419,19.43686682835396],[82.17796178871698,19.4367432805692],[82.18960302461348,19.4269407381998],[82.189298620421,19.41539311224336],[82.18217360894259,19.4096102382214],[82.1842180874663,19.4006406656721],[82.17848931661892,19.37885432765623],[82.17177626077697,19.37267353813768],[82.15326145010798,19.37726141489583],[82.14760917759588,19.37212194633789],[82.14870774835506,19.35285723772209],[82.17883280840786,19.34366034833744],[82.17852743716035,19.33958562615743],[82.18660554360513,19.33700672886831],[82.18960362696427,19.32701279337251],[82.19465458892712,19.32633018187213],[82.18133449107499,19.32378946944115],[82.1765599525865,19.29944203065991],[82.16589498933098,19.28797011320275],[82.15853412288075,19.2673782340416],[82.15812276628593,19.22728470436816],[82.16781347617216,19.2140843889737],[82.17662842249595,19.21424063299013],[82.17886746013384,19.19194608403281],[82.17527207597108,19.18145596276116],[82.18195352060732,19.17402370352786],[82.17630943222358,19.17124855813153],[82.18596613030438,19.16643848852126],[82.1776437124523,19.15559195009355],[82.17450145390283,19.16298186232304],[82.16993177597487,19.16033838080353],[82.180794710599,19.15134422785017],[82.17183170434882,19.1502198242444],[82.17001561791994,19.14462725634873],[82.17570710553294,19.13849585677163],[82.1664845468561,19.1357223494805],[82.17048944433209,19.12042273750089],[82.17695812809477,19.11851595975881],[82.18251890801078,19.13173518542055],[82.19656315134273,19.12159444392436],[82.20509945500987,19.12428205177521],[82.20874626965498,19.12004126101464],[82.2030319400059,19.10805132223612],[82.20725092956316,19.10248330878043],[82.20492360493698,19.09702076177065],[82.21401737834097,19.099687488636],[82.21897498070703,19.09522207284723],[82.20453536823487,19.07524469389987],[82.2056334419976,19.06020981874708],[82.23254727947646,19.01812408956907],[82.2459517088229,18.91920973740382],[82.23622465038638,18.91452175269413],[82.21841278987384,18.92267273611545],[82.1761974964501,18.90266329192713],[82.17643313494364,18.8866764788312],[82.16055090106954,18.8786858317738],[82.16746277330176,18.87323135629262],[82.1599794427279,18.86138580259675],[82.16748592304351,18.85227483443985],[82.16899599304392,18.83633018265032],[82.1603152644307,18.81989018372935],[82.16626538242421,18.81451410594301],[82.15671534034195,18.80503923775152],[82.16550287138833,18.80087159415287],[82.1600787992946,18.79544388567205],[82.1607578989438,18.78928576832022],[82.1413061765334,18.77857608429136],[82.13358542617895,18.78061918817351],[82.1329598026987,18.76547906147757],[82.11948122528173,18.76993285130938],[82.09149956257967,18.76563525941901],[82.09087834891513,18.74106026070228],[82.08456416329761,18.7206310317965],[82.0718466580982,18.72695042257208],[82.06569667650481,18.72718033525004],[82.06190724681449,18.71956053909088],[82.05488793928878,18.72716058165958],[82.03673141766939,18.72741037978898],[81.99826598694845,18.70730901504058],[81.96772719436247,18.69643954020734],[81.95880047026068,18.70949361375392],[81.94237745889589,18.71991240018464],[81.94118369888082,18.73303180830986],[81.9569761846466,18.75387210090657],[81.94773373137701,18.77055910252169],[81.92057600771005,18.77486879682474],[81.90957156279318,18.75929172068172],[81.89248509158045,18.75420356976864],[81.87802960588576,18.75953151309572],[81.87219913311012,18.76373031350235],[81.8670068690253,18.74680641935534],[81.8488232098508,18.73636631065116],[81.8218189429031,18.74488669429777],[81.80540310206241,18.73915397535852],[81.80018038031133,18.74338273130208],[81.77301825733521,18.75786991179473],[81.7772291781991,18.77293543703438],[81.77109250851709,18.7694643185531],[81.75994455904588,18.7727476887348],[81.76676531114954,18.78442396460324],[81.76160002463043,18.79465426310097],[81.75487355824,18.79794217093787],[81.75733862476146,18.80882738822427],[81.72102212553585,18.82818348330983],[81.71620012492585,18.83599879098205],[81.71201392450233,18.83753011961836],[81.7043257159186,18.82464307319247],[81.68717775500308,18.82347090462259],[81.67908104614585,18.80997053556998],[81.66796223520387,18.80356930068059],[81.65586512500721,18.80852333335472],[81.64255975419539,18.82223044483147],[81.6359528609559,18.81447595242413],[81.62737130387337,18.81368941472803],[81.62263558333152,18.8237661290539],[81.61148605189814,18.83143548498492],[81.61968136483095,18.83412619336945],[81.6190574976964,18.84128154119674],[81.60268463947008,18.85415526286986],[81.59061637871982,18.84339986313919],[81.58244947442958,18.84475126215241],[81.57303452558715,18.86797504159138],[81.56479931870551,18.8679464058508],[81.56193252134878,18.87533041247467],[81.55603236129126,18.87530590537478],[81.55647335034676,18.87970903178583],[81.54945111352077,18.88216458524736],[81.54546551448885,18.89073237934146],[81.5546468866453,18.91224467349271],[81.52465750154484,18.92355615724747],[81.51479469199627,18.91427711982556],[81.50636174630098,18.93085939538556],[81.46604239837968,18.9478116679193],[81.47024194765352,18.96037048312736],[81.4826097930359,18.96529049064944],[81.48144984548837,18.97430000128199],[81.4692918789255,18.98532892021245],[81.46858257115129,19.00088723162301],[81.4723740260052,19.00635098001857],[81.48014486473062,19.00389093846564],[81.48514981592565,19.0101446209518],[81.50934377925316,19.00953158292787],[81.51683598032588,19.0132910996297],[81.5238595651463,19.01833959863363],[81.52311584436691,19.03037952761216],[81.52929910337994,19.03728633946961],[81.50306720689997,19.04439621037552],[81.49700007287076,19.05248259048014],[81.50181491271385,19.06188533570689],[81.51652407045619,19.06669972567006],[81.5034769935291,19.0709240562867],[81.49039809431873,19.08489191914857],[81.4942200968723,19.10136310399214],[81.48276569076155,19.12163665748416],[81.494259247344,19.12522589865337],[81.49831641648844,19.14350272895733],[81.49680125434865,19.14406909801686],[81.49084494377381,19.15602654207693],[81.49757722857208,19.16416800854085],[81.50174068713505,19.20400208877242],[81.47613604504818,19.21344089545904],[81.46482463628111,19.20814499694498],[81.44860075836937,19.1882094771963],[81.41844933211603,19.19436278936607],[81.40141569209239,19.19133037839485],[81.39294675695233,19.20783438547606],[81.38272694855205,19.20922448425055],[81.34433687147462,19.23106511220281],[81.35196760948484,19.23053285878649],[81.35424498219739,19.2473886374835],[81.362901901883,19.25005111856019],[81.36653171654847,19.25654597437231],[81.3579931754283,19.26614501946765],[81.36041336639039,19.27287480669805],[81.35655248924326,19.28047850716842],[81.383197321383,19.27315739295536],[81.42724814133179,19.2695775091745],[81.48559209393268,19.2336410566646],[81.50988790742909,19.22680370400619],[81.53660064791016,19.22958352844433],[81.54518083138963,19.26019486852052],[81.56689778768873,19.28301655574807],[81.57696542235517,19.27471018064032],[81.61828305872133,19.26741915476595],[81.62974004234682,19.22841011663934],[81.63044521410369,19.21937916795594],[81.61640598483872,19.21002503156588],[81.61853232443572,19.20322114439743],[81.63066514909973,19.1895507232285],[81.64920127279974,19.18206936848723],[81.66574346197967,19.1833827686677],[81.6894084615507,19.20159201740761],[81.68317374158455,19.24401406746141],[81.7114285138931,19.22810663193756],[81.71177418229428,19.20951292310476],[81.72916311058513,19.21048924601668],[81.7345018897439,19.20679985265594],[81.74677698936763,19.21339208682545],[81.76488898344635,19.21239597185354],[81.76094499679836,19.22696812021311],[81.76660091630787,19.23670664037643],[81.77530140991999,19.24160041429592],[81.78236562377806,19.23871289882737],[81.78560131629578,19.23666888595656],[81.78283506241557,19.2264074115021],[81.78748153671101,19.22446072224878],[81.8073414040502,19.22797712073168],[81.80600164465034,19.23450490351475],[81.82246169210124,19.24000961752774],[81.8241910992648,19.24631981030074],[81.82047254328805,19.24914229426972],[81.83747420674591,19.25546447271519],[81.83949221038658,19.26477067829788],[81.85025697164365,19.27380145927639],[81.8573764814097,19.26899576652571],[81.86569174985883,19.27049114147402],[81.87672469791958,19.24390773465162],[81.88410352972825,19.25213178681064],[81.88568758992905,19.2681068298614],[81.89718091569205,19.26930559345754],[81.89474440604452,19.31081992043393],[81.90845012471252,19.32842953322494],[81.92001608523239,19.32838005157973],[81.93476852008715,19.33778981039714],[81.93972944335619,19.35028584674486],[81.93834384795248,19.37066003416148],[81.95920084051775,19.38173946824749],[81.95234487477475,19.39070077692084],[81.93843248103614,19.39643664527626],[81.93582419775888,19.42172731955936],[81.94196352887154,19.4479753821436],[81.94005026280183,19.45846799549151],[81.92809131647365,19.4480576174863],[81.92394837782922,19.46977607189008],[81.91144700830496,19.45632036537603],[81.8568661423558,19.47910955932413],[81.85837479579429,19.50749165267988],[81.8420277071022,19.52075008205155],[81.84264746525913,19.53952467683362],[81.8508194417884,19.54764635326376],[81.8896875423247,19.54595940007868],[81.8959637131288,19.52729782513967],[81.91023339647302,19.52285460828382],[81.94082048575117,19.53751406607394],[81.96401018183701,19.53818990199722],[81.99384351635545,19.52618432872858],[82.00403765759258,19.49347358671058],[82.03154668702395,19.50777631158254]]],[[[81.67948414488795,18.6667268332073],[81.72128579426422,18.69000490307301],[81.7518636543548,18.67137139126815],[81.76541692977524,18.68061666410214],[81.77353994919372,18.6589711408141],[81.7994215041384,18.64995569149639],[81.81489109770659,18.66637449246082],[81.84100786688455,18.67711208378395],[81.83802857458288,18.6879937727748],[81.84279108488272,18.69577712751556],[81.89025934388803,18.71808873901451],[81.89933383099795,18.71834070216555],[81.906828424885,18.7090968864613],[81.90832850192496,18.69791207015995],[81.89870138927859,18.68372450365719],[81.89165749446991,18.65881330577552],[81.86203429881145,18.65062189159881],[81.83590537616007,18.64185174054984],[81.8076179530876,18.61471562122676],[81.77982807063704,18.61461356050443],[81.74923652280924,18.60764855143749],[81.71330407287286,18.61907800765912],[81.6568831109589,18.62120618127171],[81.65443046178636,18.62872673151387],[81.65951423157902,18.65664262650504],[81.67596790135391,18.65989085794952],[81.67948414488795,18.6667268332073]]]]},"properties":{"ST_NAME":"Chhattisgarh","DIST_NAME":"Bastar"}},{"type":"Feature","geometry":{"type":"Polygon","coordinates":[[[81.77301825733521,18.75786991179473],[81.76695202124576,18.74825783876974],[81.75321336208926,18.74178485921694],[81.74552770314936,18.71436316462082],[81.738596899133,18.7051217817063],[81.75929157375211,18.69084149878197],[81.76541692977524,18.68061666410214],[81.7518636543548,18.67137139126815],[81.72128579426422,18.69000490307301],[81.67948414488795,18.6667268332073],[81.66458974342078,18.66941859130944],[81.66780937890749,18.70023213173441],[81.63178856828888,18.71606689889665],[81.63413622054435,18.73668223560653],[81.62005049026638,18.75175574571714],[81.60669289369694,18.73830910517572],[81.58016351643364,18.7435109031621],[81.57645188767899,18.72973097109168],[81.55851263030601,18.70741520159006],[81.54825080427057,18.7059436031636],[81.54787617932647,18.69029183640139],[81.5590477129615,18.67198831391391],[81.5564117238395,18.65836849795398],[81.5484867743575,18.65325825444178],[81.55075183545847,18.63249992427542],[81.58196647860063,18.61596923389592],[81.5713962831009,18.57939260053506],[81.55801218227441,18.58875950416573],[81.55094394202825,18.62072193242219],[81.52639316554283,18.62100405100217],[81.50063617161913,18.63738691413136],[81.46747924257023,18.63382823504514],[81.45353173667807,18.62655130204826],[81.44940520961835,18.62141788326561],[81.44893533674477,18.60517112496069],[81.4259508877247,18.5966606500793],[81.4289127498698,18.57858384191977],[81.43988482138568,18.5636559187285],[81.42506848211664,18.53893207471565],[81.43679815533372,18.52870246245514],[81.43653088407284,18.50183108995919],[81.42688700751808,18.49921413534067],[81.40131559881752,18.50502419882485],[81.39318406260453,18.47521968540918],[81.38267521318114,18.46112900819616],[81.39655574410065,18.44356851929063],[81.43012818562593,18.43820376225968],[81.4333297132795,18.42899753210408],[81.42277560381622,18.41804484822439],[81.38481158990912,18.43321560435729],[81.34273585245992,18.4377057403746],[81.33141572071283,18.45342338967984],[81.31458491802145,18.4562535782587],[81.30687266714381,18.47410761324276],[81.2936731685194,18.47973632858746],[81.28761603791322,18.49402640071864],[81.27787514939496,18.50004319401542],[81.2707630103471,18.52400519620748],[81.2572289197742,18.54225848090964],[81.23917379227571,18.54866681338567],[81.22647912208707,18.54251321375011],[81.19929634877607,18.56046479354328],[81.20925734308648,18.57090751079577],[81.2115027519595,18.60013455242314],[81.20747913075664,18.61066085661975],[81.18887449408027,18.60794285024267],[81.165887399841,18.58612405682192],[81.1620129763319,18.58745065334828],[81.17351585142487,18.64839573694099],[81.18452874013863,18.66508624181531],[81.17378934308283,18.67905390659591],[81.1683189597868,18.7052770059518],[81.19984902239099,18.75450131537674],[81.20230457827589,18.77752397728108],[81.1877726329377,18.81678733850501],[81.19839484668543,18.83655301721988],[81.19949312997421,18.85521867307487],[81.20500817732685,18.86355862871111],[81.19976225646761,18.89354599932435],[81.20897862244111,18.90896531042086],[81.20538767015483,18.91873111761386],[81.17479747685383,18.91268031214305],[81.15463929911351,18.91733219682035],[81.16556339941866,18.93481014384361],[81.18036114482733,18.94161385984463],[81.19645864371923,18.94203838113473],[81.21151872201443,18.96020367121235],[81.19971999363699,18.97379381883872],[81.18717505568148,18.97796952368158],[81.18347530420576,18.99097539620742],[81.18602558970728,19.00878690752845],[81.1815098455064,19.01696381424308],[81.19440665662285,19.05204255532497],[81.19170376579132,19.14348159219868],[81.19781689527038,19.16113809003959],[81.21424383716806,19.17682302442312],[81.2899908812078,19.18803982263365],[81.296724493313,19.18747401185621],[81.32127933116158,19.16483477645854],[81.32468318246127,19.15515727602612],[81.35141536976401,19.149951783303],[81.38604583286087,19.18388547299446],[81.40300972218392,19.17083693291932],[81.4467916954572,19.16294706851414],[81.46326439977935,19.15189625642353],[81.49680125434865,19.14406909801686],[81.49831641648844,19.14350272895733],[81.494259247344,19.12522589865337],[81.48276569076155,19.12163665748416],[81.4942200968723,19.10136310399214],[81.49039809431873,19.08489191914857],[81.5034769935291,19.0709240562867],[81.51652407045619,19.06669972567006],[81.50181491271385,19.06188533570689],[81.49700007287076,19.05248259048014],[81.50306720689997,19.04439621037552],[81.52929910337994,19.03728633946961],[81.52311584436691,19.03037952761216],[81.5238595651463,19.01833959863363],[81.51683598032588,19.0132910996297],[81.50934377925316,19.00953158292787],[81.48514981592565,19.0101446209518],[81.48014486473062,19.00389093846564],[81.4723740260052,19.00635098001857],[81.46858257115129,19.00088723162301],[81.4692918789255,18.98532892021245],[81.48144984548837,18.97430000128199],[81.4826097930359,18.96529049064944],[81.47024194765352,18.96037048312736],[81.46604239837968,18.9478116679193],[81.50636174630098,18.93085939538556],[81.51479469199627,18.91427711982556],[81.52465750154484,18.92355615724747],[81.5546468866453,18.91224467349271],[81.54546551448885,18.89073237934146],[81.54945111352077,18.88216458524736],[81.55647335034676,18.87970903178583],[81.55603236129126,18.87530590537478],[81.56193252134878,18.87533041247467],[81.56479931870551,18.8679464058508],[81.57303452558715,18.86797504159138],[81.58244947442958,18.84475126215241],[81.59061637871982,18.84339986313919],[81.60268463947008,18.85415526286986],[81.6190574976964,18.84128154119674],[81.61968136483095,18.83412619336945],[81.61148605189814,18.83143548498492],[81.62263558333152,18.8237661290539],[81.62737130387337,18.81368941472803],[81.6359528609559,18.81447595242413],[81.64255975419539,18.82223044483147],[81.65586512500721,18.80852333335472],[81.66796223520387,18.80356930068059],[81.67908104614585,18.80997053556998],[81.68717775500308,18.82347090462259],[81.7043257159186,18.82464307319247],[81.71201392450233,18.83753011961836],[81.71620012492585,18.83599879098205],[81.72102212553585,18.82818348330983],[81.75733862476146,18.80882738822427],[81.75487355824,18.79794217093787],[81.76160002463043,18.79465426310097],[81.76676531114954,18.78442396460324],[81.75994455904588,18.7727476887348],[81.77109250851709,18.7694643185531],[81.7772291781991,18.77293543703438],[81.77301825733521,18.75786991179473]]]},"properties":{"ST_NAME":"Chhattisgarh","DIST_NAME":"Dantewada"}},{"type":"Feature","geometry":{"type":"Polygon","coordinates":[[[80.83277630800772,19.34935336316913],[80.8406690441637,19.33636995624648],[80.84713827999053,19.34274902704831],[80.89095258248385,19.33833072291942],[80.89538194956064,19.32944088942425],[80.89331297987708,19.32154152638441],[80.90408148112279,19.31671189816638],[80.91008032880757,19.32171166173869],[80.91827907113712,19.31715251211285],[80.92102909478602,19.32189276821195],[80.93154714574996,19.32256241891699],[80.95928399841557,19.31499412640866],[80.96659317530386,19.30088486068544],[80.95625429433238,19.27604610486475],[80.96419362594456,19.27632678423016],[80.97431157696798,19.24973891668073],[80.96923147767248,19.22691662376734],[80.99089403867252,19.22851653729105],[80.99090582495096,19.23272436238732],[81.00308758262109,19.23560626664458],[81.01706019379301,19.23279918659993],[81.02406790866985,19.23953478716704],[81.036971526787,19.22809323859558],[81.05498578608388,19.22696506602584],[81.07229300186721,19.23157371396508],[81.07865885932868,19.23627111463748],[81.07137501997337,19.25086111221873],[81.07022972536224,19.2678599439288],[81.07429951325554,19.27429950697029],[81.08322838259846,19.27041909776035],[81.0963166116699,19.27732911199487],[81.11216510059965,19.2752497651388],[81.1176145872459,19.26252078805184],[81.13896119039646,19.25689125504206],[81.14661082869868,19.25926097511214],[81.14143084888782,19.27828952591257],[81.14203050051307,19.29901865344513],[81.15944886107742,19.29615927504237],[81.16720754452729,19.27190088468782],[81.18627532875342,19.27500037424008],[81.19490400092559,19.28834066250694],[81.22187054235076,19.28967046517308],[81.23078876854294,19.32177833817351],[81.25463555103474,19.32743768091911],[81.27127352084142,19.32488828879777],[81.28603202454343,19.33612814418263],[81.32003753953681,19.33290862287216],[81.34364491351894,19.32024007925091],[81.35701290986049,19.32405001749364],[81.35680903708216,19.32923534942043],[81.36332227608399,19.31669058316892],[81.37248146368908,19.31328142139281],[81.37710082231978,19.30507180441621],[81.37352101184601,19.2996422311046],[81.35777241961988,19.29579259722584],[81.35655248924326,19.28047850716842],[81.36041336639039,19.27287480669805],[81.3579931754283,19.26614501946765],[81.36653171654847,19.25654597437231],[81.362901901883,19.25005111856019],[81.35424498219739,19.2473886374835],[81.35196760948484,19.23053285878649],[81.34433687147462,19.23106511220281],[81.38272694855205,19.20922448425055],[81.39294675695233,19.20783438547606],[81.40141569209239,19.19133037839485],[81.41844933211603,19.19436278936607],[81.44860075836937,19.1882094771963],[81.46482463628111,19.20814499694498],[81.47613604504818,19.21344089545904],[81.50174068713505,19.20400208877242],[81.49757722857208,19.16416800854085],[81.49084494377381,19.15602654207693],[81.49680125434865,19.14406909801686],[81.46326439977935,19.15189625642353],[81.4467916954572,19.16294706851414],[81.40300972218392,19.17083693291932],[81.38604583286087,19.18388547299446],[81.35141536976401,19.149951783303],[81.32468318246127,19.15515727602612],[81.32127933116158,19.16483477645854],[81.296724493313,19.18747401185621],[81.2899908812078,19.18803982263365],[81.21424383716806,19.17682302442312],[81.19781689527038,19.16113809003959],[81.19170376579132,19.14348159219868],[81.19440665662285,19.05204255532497],[81.1815098455064,19.01696381424308],[81.18602558970728,19.00878690752845],[81.18347530420576,18.99097539620742],[81.18717505568148,18.97796952368158],[81.19971999363699,18.97379381883872],[81.21151872201443,18.96020367121235],[81.19645864371923,18.94203838113473],[81.18036114482733,18.94161385984463],[81.16556339941866,18.93481014384361],[81.15463929911351,18.91733219682035],[81.17479747685383,18.91268031214305],[81.20538767015483,18.91873111761386],[81.20897862244111,18.90896531042086],[81.19976225646761,18.89354599932435],[81.20500817732685,18.86355862871111],[81.19949312997421,18.85521867307487],[81.19839484668543,18.83655301721988],[81.1877726329377,18.81678733850501],[81.20230457827589,18.77752397728108],[81.19984902239099,18.75450131537674],[81.1683189597868,18.7052770059518],[81.17378934308283,18.67905390659591],[81.18452874013863,18.66508624181531],[81.17351585142487,18.64839573694099],[81.1620129763319,18.58745065334828],[81.165887399841,18.58612405682192],[81.18887449408027,18.60794285024267],[81.20747913075664,18.61066085661975],[81.2115027519595,18.60013455242314],[81.20925734308648,18.57090751079577],[81.19929634877607,18.56046479354328],[81.17845423992253,18.57249135096811],[81.18089446026374,18.56234064454129],[81.1705580133239,18.55572733664723],[81.09742136776597,18.5690422062865],[81.06701264426917,18.55488525756946],[81.04530005122561,18.55078460514098],[81.04281248724017,18.52007514528672],[81.01893690486996,18.49964755743746],[80.99483093174132,18.44992035872823],[80.9670754601736,18.42551270093838],[80.93607684865329,18.40732643258362],[80.93472125458051,18.40152723186234],[80.94725539998942,18.39687572391638],[80.95380368915008,18.3891509168331],[80.98042535037125,18.38959653199502],[81.00073829573152,18.37288738621454],[81.0611877072025,18.36432153310093],[81.07283274938422,18.34956295326956],[81.08000395235266,18.32657662730546],[81.07077687422117,18.2987234323963],[81.0577506416457,18.29399622646553],[81.05595153654674,18.28926233355486],[81.07802585293703,18.27822906343186],[81.08747157486631,18.26374415622055],[81.10523088759074,18.25081231221264],[81.10972278577646,18.23490280266983],[81.10903269679251,18.2300724182144],[81.09425944243696,18.22376133369816],[81.07619505874165,18.20004601359393],[81.04930326366521,18.18743011869287],[81.02312309265915,18.19310230728895],[80.97846084097282,18.15443477266862],[80.97902436345564,18.17545820860283],[80.95765075418775,18.17359288229947],[80.95161469037369,18.16370370947249],[80.91416386914781,18.1412144193982],[80.89107156837615,18.13602537671471],[80.86665905741012,18.13696704617965],[80.86015188070523,18.1479098371085],[80.85853525349917,18.18649882527443],[80.8529031297739,18.20204464608099],[80.87096131782702,18.20483846679829],[80.87260372662578,18.21062033620975],[80.86593584245314,18.23017297548097],[80.84342410981492,18.2324826904995],[80.8367210969416,18.23896048609709],[80.82358667457821,18.23612037927643],[80.82406151066077,18.19108215171809],[80.8174622350966,18.18914866211538],[80.7991049080028,18.16821483051759],[80.74407024648353,18.17104013719587],[80.73702823242212,18.17678674144129],[80.73713495776242,18.22206038697621],[80.79264975557756,18.24949529391098],[80.79385701956694,18.25948246915391],[80.78024936628034,18.266116800545],[80.76908823960196,18.28767222412143],[80.75980395776972,18.2894409341435],[80.7581495086163,18.3009936351937],[80.74875464487657,18.30899294126696],[80.74763267569256,18.33000729115972],[80.73152783265607,18.35479630127439],[80.72686079429869,18.36933771837246],[80.72942706082118,18.37881862094897],[80.71959135828234,18.39112952817984],[80.73195666508158,18.40101991583945],[80.73483434690141,18.41286439283975],[80.72289008201136,18.41515980278969],[80.71829253399108,18.40973734400222],[80.69895877754723,18.42143612080002],[80.69831287976038,18.43766685927022],[80.70541195990148,18.43968870472292],[80.70162398121347,18.44458536157202],[80.68800742280646,18.44739878100564],[80.68614754349301,18.45824436882792],[80.65528302640956,18.47589939013104],[80.63704481853173,18.50476370347623],[80.64090481577398,18.51133505614867],[80.63763977705425,18.52255117124498],[80.61841963952081,18.52759089182199],[80.599790606836,18.55306428114405],[80.57150171458386,18.56464565110594],[80.55640306584999,18.57978595473943],[80.53449926659272,18.58837382600224],[80.51472612742752,18.61938175279042],[80.50158678067264,18.62156444548666],[80.48826651393864,18.63112749528511],[80.4655358575617,18.62398216355888],[80.45612329185336,18.62939692560462],[80.42761202055718,18.61291193741123],[80.42240267933043,18.61515575381657],[80.41999837896105,18.61043380776738],[80.39584509338121,18.60496568326322],[80.38844869617685,18.59669351178903],[80.37567152897267,18.61070514050146],[80.36755608985074,18.60823369255565],[80.35563037151852,18.59467222835156],[80.34464484033367,18.59723527513029],[80.33420323745378,18.61341870458802],[80.32748459699935,18.63541390685258],[80.31867301872815,18.64218249396946],[80.30179125443658,18.69032419386305],[80.28360572400307,18.71754544728909],[80.27171125195443,18.72333573904528],[80.2445608886998,18.75613343117559],[80.24551490718339,18.76191116516014],[80.25680700129561,18.76994254814748],[80.2770835063785,18.76671491549289],[80.28837443329626,18.77369315297038],[80.2995664812866,18.79417688691954],[80.32286800792004,18.79890662452976],[80.35018693525409,18.81491746779928],[80.3541157897694,18.82636880041417],[80.34924619365998,18.8476192625503],[80.32696228819304,18.87996451275093],[80.27025471693986,18.93986945069837],[80.27348238210408,18.99317279817469],[80.30494225171817,19.02660363475262],[80.29669771575911,19.04825932827096],[80.32949331246489,19.07025655778801],[80.32795632348368,19.0952534547036],[80.33945891984017,19.10026486835917],[80.3273491317902,19.13508729220539],[80.33269110263055,19.14518749928551],[80.34682270762946,19.15154575804344],[80.34820558887584,19.16054661841032],[80.38665812932935,19.17989987348931],[80.39383408257214,19.18808669251624],[80.39308520435723,19.19965493142916],[80.38374755919749,19.21508063114331],[80.39192119422717,19.24285607576833],[80.43038108393038,19.25433930980457],[80.44630032524188,19.26468165165669],[80.45462254091619,19.27501112387685],[80.47578447436061,19.32607952935784],[80.4862085074321,19.3411155996156],[80.51987642096445,19.34744673785252],[80.54418033827262,19.38385987642967],[80.56196499334163,19.39871108628397],[80.57412484862913,19.40230017831065],[80.58051818860041,19.39830081766834],[80.59171345973384,19.37576482435987],[80.58825540986889,19.36987937522975],[80.58991546993632,19.35182340092245],[80.60772057869617,19.32573885186729],[80.61228495011467,19.30969567226222],[80.63106846719997,19.30705330060184],[80.65409090932508,19.32295965240958],[80.68037696196974,19.33014095579733],[80.69326513118418,19.31566945660015],[80.68963493247955,19.28719012472184],[80.70197805979684,19.2820242284535],[80.75585872651084,19.28919671538388],[80.77518926895165,19.31463780915008],[80.79012555192568,19.32385312920924],[80.80505405006456,19.32685779369425],[80.81052410588991,19.33656741184274],[80.83277630800772,19.34935336316913]]]},"properties":{"ST_NAME":"Chhattisgarh","DIST_NAME":"Bijapur"}},{"type":"Feature","geometry":{"type":"Polygon","coordinates":[[[81.96772719436247,18.69643954020734],[81.96016187239627,18.6885631214774],[81.96880591986927,18.67365598805699],[81.95391497104514,18.66338313585948],[81.94871256247136,18.64359644556539],[81.92141746665374,18.64283540020747],[81.90040152535657,18.66123130428006],[81.8933529930682,18.65698994758936],[81.897640403185,18.65462825728883],[81.89387988019533,18.64180422767643],[81.89851721989032,18.63577193370787],[81.89452006907624,18.62924963665862],[81.90872462385094,18.62821791763888],[81.92585796927551,18.62061765717119],[81.94138971309154,18.60188000082714],[81.96288674246885,18.5946787973872],[81.96316820842912,18.59000600481553],[81.95255819080928,18.5828944793466],[81.94951149394076,18.57210768454817],[81.93478389388393,18.56613910268222],[81.92649962429338,18.56645966298806],[81.92045790323796,18.57253960742473],[81.91044925042192,18.57061885442053],[81.90560461542744,18.56410729185419],[81.90848805210189,18.553041591637],[81.90127933091648,18.5484010194559],[81.90877102133187,18.53812749268915],[81.89728265183689,18.53501482544678],[81.88931136403654,18.53848785383473],[81.87954661330109,18.52522073707223],[81.86805849199283,18.52490240501403],[81.85665377669986,18.5083556554704],[81.8572484084208,18.4927080362516],[81.76908031874785,18.41816538811584],[81.75027742794047,18.35259992682095],[81.65930028259183,18.34647831762527],[81.64967643982226,18.33602231225108],[81.6620395280386,18.32111901219841],[81.65051974511887,18.32140386499275],[81.61688269784281,18.30717450956103],[81.59796942991747,18.30906458119965],[81.56450914953578,18.27510637122324],[81.53583259915229,18.26857617654304],[81.52561187947907,18.2578432508335],[81.53046473154238,18.24048263967437],[81.51520815437678,18.21274412696074],[81.50696210151744,18.18663790040595],[81.52455370561336,18.16439172635278],[81.52557582837133,18.15292758045906],[81.51810800462141,18.14828864572536],[81.5129593521559,18.13750582634798],[81.51338697255807,18.10004767111152],[81.48021823411803,18.05014514597792],[81.48304917615675,18.02683979749566],[81.47751824928571,17.98960695129873],[81.48313281810796,17.97718776717449],[81.47184281868356,17.96011051086224],[81.45950059992904,17.95277299102325],[81.44881284846569,17.93128778248679],[81.4527802036973,17.90699996171045],[81.44370309873071,17.88451406226554],[81.43467088824261,17.88088296466548],[81.40752127866949,17.89608231079926],[81.39949586072187,17.89207504481333],[81.3943322381998,17.86998972722793],[81.4038137098786,17.85273793436132],[81.38931300762079,17.8301026234572],[81.39179927812798,17.81545081820655],[81.39229201275229,17.79416584048052],[81.37707708677397,17.80456167124315],[81.35403626488991,17.81227973984036],[81.26611706380055,17.80948679627081],[81.24836759209661,17.81667646655187],[81.23929207324502,17.82607047233382],[81.21560371772557,17.83455755497444],[81.1993036832602,17.84698248421233],[81.16613146494743,17.85765144737621],[81.12791452346501,17.82704805161472],[81.09765745923563,17.81242072646359],[81.07326118759906,17.78649919508069],[81.04363380686476,17.78279225417794],[81.00832411562578,17.7981255372273],[80.99644090134802,17.84842970361085],[80.99415704279919,17.88063076930756],[80.99840068458465,17.91747624032584],[80.98767851228271,17.9442127973983],[80.97962091365949,18.00331548306189],[80.96425213563187,18.03818645697956],[80.96904408471593,18.04647407742593],[80.9492502655505,18.08290767376657],[80.95550560710882,18.12910550349893],[80.97846084097282,18.15443477266862],[81.02312309265915,18.19310230728895],[81.04930326366521,18.18743011869287],[81.07619505874165,18.20004601359393],[81.09425944243696,18.22376133369816],[81.10903269679251,18.2300724182144],[81.10972278577646,18.23490280266983],[81.10523088759074,18.25081231221264],[81.08747157486631,18.26374415622055],[81.07802585293703,18.27822906343186],[81.05595153654674,18.28926233355486],[81.0577506416457,18.29399622646553],[81.07077687422117,18.2987234323963],[81.08000395235266,18.32657662730546],[81.07283274938422,18.34956295326956],[81.0611877072025,18.36432153310093],[81.00073829573152,18.37288738621454],[80.98042535037125,18.38959653199502],[80.95380368915008,18.3891509168331],[80.94725539998942,18.39687572391638],[80.93472125458051,18.40152723186234],[80.93607684865329,18.40732643258362],[80.9670754601736,18.42551270093838],[80.99483093174132,18.44992035872823],[81.01893690486996,18.49964755743746],[81.04281248724017,18.52007514528672],[81.04530005122561,18.55078460514098],[81.06701264426917,18.55488525756946],[81.09742136776597,18.5690422062865],[81.1705580133239,18.55572733664723],[81.18089446026374,18.56234064454129],[81.17845423992253,18.57249135096811],[81.19929634877607,18.56046479354328],[81.22647912208707,18.54251321375011],[81.23917379227571,18.54866681338567],[81.2572289197742,18.54225848090964],[81.2707630103471,18.52400519620748],[81.27787514939496,18.50004319401542],[81.28761603791322,18.49402640071864],[81.2936731685194,18.47973632858746],[81.30687266714381,18.47410761324276],[81.31458491802145,18.4562535782587],[81.33141572071283,18.45342338967984],[81.34273585245992,18.4377057403746],[81.38481158990912,18.43321560435729],[81.42277560381622,18.41804484822439],[81.4333297132795,18.42899753210408],[81.43012818562593,18.43820376225968],[81.39655574410065,18.44356851929063],[81.38267521318114,18.46112900819616],[81.39318406260453,18.47521968540918],[81.40131559881752,18.50502419882485],[81.42688700751808,18.49921413534067],[81.43653088407284,18.50183108995919],[81.43679815533372,18.52870246245514],[81.42506848211664,18.53893207471565],[81.43988482138568,18.5636559187285],[81.4289127498698,18.57858384191977],[81.4259508877247,18.5966606500793],[81.44893533674477,18.60517112496069],[81.44940520961835,18.62141788326561],[81.45353173667807,18.62655130204826],[81.46747924257023,18.63382823504514],[81.50063617161913,18.63738691413136],[81.52639316554283,18.62100405100217],[81.55094394202825,18.62072193242219],[81.55801218227441,18.58875950416573],[81.5713962831009,18.57939260053506],[81.58196647860063,18.61596923389592],[81.55075183545847,18.63249992427542],[81.5484867743575,18.65325825444178],[81.5564117238395,18.65836849795398],[81.5590477129615,18.67198831391391],[81.54787617932647,18.69029183640139],[81.54825080427057,18.7059436031636],[81.55851263030601,18.70741520159006],[81.57645188767899,18.72973097109168],[81.58016351643364,18.7435109031621],[81.60669289369694,18.73830910517572],[81.62005049026638,18.75175574571714],[81.63413622054435,18.73668223560653],[81.63178856828888,18.71606689889665],[81.66780937890749,18.70023213173441],[81.66458974342078,18.66941859130944],[81.67948414488795,18.6667268332073],[81.67596790135391,18.65989085794952],[81.65951423157902,18.65664262650504],[81.65443046178636,18.62872673151387],[81.6568831109589,18.62120618127171],[81.71330407287286,18.61907800765912],[81.74923652280924,18.60764855143749],[81.77982807063704,18.61461356050443],[81.8076179530876,18.61471562122676],[81.83590537616007,18.64185174054984],[81.86203429881145,18.65062189159881],[81.89165749446991,18.65881330577552],[81.89870138927859,18.68372450365719],[81.90832850192496,18.69791207015995],[81.906828424885,18.7090968864613],[81.89933383099795,18.71834070216555],[81.89025934388803,18.71808873901451],[81.84279108488272,18.69577712751556],[81.83802857458288,18.6879937727748],[81.84100786688455,18.67711208378395],[81.81489109770659,18.66637449246082],[81.7994215041384,18.64995569149639],[81.77353994919372,18.6589711408141],[81.76541692977524,18.68061666410214],[81.75929157375211,18.69084149878197],[81.738596899133,18.7051217817063],[81.74552770314936,18.71436316462082],[81.75321336208926,18.74178485921694],[81.76695202124576,18.74825783876974],[81.77301825733521,18.75786991179473],[81.80018038031133,18.74338273130208],[81.80540310206241,18.73915397535852],[81.8218189429031,18.74488669429777],[81.8488232098508,18.73636631065116],[81.8670068690253,18.74680641935534],[81.87219913311012,18.76373031350235],[81.87802960588576,18.75953151309572],[81.89248509158045,18.75420356976864],[81.90957156279318,18.75929172068172],[81.92057600771005,18.77486879682474],[81.94773373137701,18.77055910252169],[81.9569761846466,18.75387210090657],[81.94118369888082,18.73303180830986],[81.94237745889589,18.71991240018464],[81.95880047026068,18.70949361375392],[81.96772719436247,18.69643954020734]]]},"properties":{"ST_NAME":"Chhattisgarh","DIST_NAME":"Sukma"}}]}